path,T,species,E,S,nGaGa,nGaN
/Volumes/Material/02_Du_lieu_Ket_qua/Phan_Tach_Theo_Backend/02_WSL2_KOKKOS_CUDA/Logs/300K/log.04_nemd_300K_Ga_1.0keV_KOKKOSREDO,300,Ga,1.0,2.316307075,888,1407
/Volumes/Material/02_Du_lieu_Ket_qua/Phan_Tach_Theo_Backend/02_WSL2_KOKKOS_CUDA/Logs/300K/log.04_nemd_300K_Ga_10.0keV_KOKKOSREDO,300,Ga,10.0,7.2288959,4763,2169
/Volumes/Material/02_Du_lieu_Ket_qua/Phan_Tach_Theo_Backend/02_WSL2_KOKKOS_CUDA/Logs/300K/log.04_nemd_300K_Ga_3.0keV_KOKKOSREDO,300,Ga,3.0,4.16542935,2611,1638
/Volumes/Material/02_Du_lieu_Ket_qua/Phan_Tach_Theo_Backend/02_WSL2_KOKKOS_CUDA/Logs/300K/log.04_nemd_300K_Ga_5.0keV_KOKKOSVAL,300,Ga,5.0,3.8917339749999997,2248,1713
/Volumes/Material/02_Du_lieu_Ket_qua/Phan_Tach_Theo_Backend/02_WSL2_KOKKOS_CUDA/Logs/300K/log.04_nemd_300K_Ga_7.0keV_KOKKOSREDO,300,Ga,7.0,5.657672624999999,3989,1982
/Volumes/Material/02_Du_lieu_Ket_qua/Phan_Tach_Theo_Backend/02_WSL2_KOKKOS_CUDA/Logs/300K/log.04_nemd_300K_N_1.0keV_KOKKOSREDO,300,N,1.0,2.9339826249999996,891,1402
/Volumes/Material/02_Du_lieu_Ket_qua/Phan_Tach_Theo_Backend/02_WSL2_KOKKOS_CUDA/Logs/300K/log.04_nemd_300K_N_10.0keV_KOKKOSREDO,300,N,10.0,7.449900425,3600,1941
/Volumes/Material/02_Du_lieu_Ket_qua/Phan_Tach_Theo_Backend/02_WSL2_KOKKOS_CUDA/Logs/300K/log.04_nemd_300K_N_3.0keV_KOKKOSREDO,300,N,3.0,1.7864761999999998,1255,1464
/Volumes/Material/02_Du_lieu_Ket_qua/Phan_Tach_Theo_Backend/02_WSL2_KOKKOS_CUDA/Logs/300K/log.04_nemd_300K_N_5.0keV_KOKKOSREDO,300,N,5.0,6.9769173250000005,2634,1850
/Volumes/Material/02_Du_lieu_Ket_qua/Phan_Tach_Theo_Backend/02_WSL2_KOKKOS_CUDA/Logs/300K/log.04_nemd_300K_N_7.0keV_KOKKOSREDO,300,N,7.0,5.3462582,2298,1708
/Volumes/Material/02_Du_lieu_Ket_qua/Phan_Tach_Theo_Backend/02_WSL2_KOKKOS_CUDA/Logs/350K/log.04_nemd_350K_Ga_1.0keV_KOKKOSREDO,350,Ga,1.0,3.5181152000000004,993,1555
/Volumes/Material/02_Du_lieu_Ket_qua/Phan_Tach_Theo_Backend/02_WSL2_KOKKOS_CUDA/Logs/350K/log.04_nemd_350K_Ga_10keV_KOKKOS,350,Ga,10.0,5.991841125,3626,1956
/Volumes/Material/02_Du_lieu_Ket_qua/Phan_Tach_Theo_Backend/02_WSL2_KOKKOS_CUDA/Logs/350K/log.04_nemd_350K_Ga_3.0keV_KOKKOSREDO,350,Ga,3.0,4.4518230249999995,1304,1524
/Volumes/Material/02_Du_lieu_Ket_qua/Phan_Tach_Theo_Backend/02_WSL2_KOKKOS_CUDA/Logs/350K/log.04_nemd_350K_Ga_5.0keV_KOKKOSREDO,350,Ga,5.0,4.819230149999999,1297,1628
/Volumes/Material/02_Du_lieu_Ket_qua/Phan_Tach_Theo_Backend/02_WSL2_KOKKOS_CUDA/Logs/350K/log.04_nemd_350K_Ga_7.0keV_KOKKOSREDO,350,Ga,7.0,5.554052125,3986,1934
/Volumes/Material/02_Du_lieu_Ket_qua/Phan_Tach_Theo_Backend/02_WSL2_KOKKOS_CUDA/Logs/350K/log.04_nemd_350K_N_1.0keV_KOKKOS,350,N,1.0,1.602171825,1031,1538
/Volumes/Material/02_Du_lieu_Ket_qua/Phan_Tach_Theo_Backend/02_WSL2_KOKKOS_CUDA/Logs/350K/log.04_nemd_350K_N_10.0keV_KOKKOS,350,N,10.0,7.858589125000001,3766,1996
/Volumes/Material/02_Du_lieu_Ket_qua/Phan_Tach_Theo_Backend/02_WSL2_KOKKOS_CUDA/Logs/350K/log.04_nemd_350K_N_3.0keV_KOKKOS,350,N,3.0,3.6466122999999997,1017,1600
/Volumes/Material/02_Du_lieu_Ket_qua/Phan_Tach_Theo_Backend/02_WSL2_KOKKOS_CUDA/Logs/350K/log.04_nemd_350K_N_5.0keV_KOKKOS,350,N,5.0,4.3986849249999995,2703,1736
/Volumes/Material/02_Du_lieu_Ket_qua/Phan_Tach_Theo_Backend/02_WSL2_KOKKOS_CUDA/Logs/350K/log.04_nemd_350K_N_7.0keV_KOKKOS,350,N,7.0,5.656793175,1689,1667
/Volumes/Material/02_Du_lieu_Ket_qua/Phan_Tach_Theo_Backend/02_WSL2_KOKKOS_CUDA/Logs/400K/log.04_nemd_400K_Ga_1.0keV_KOKKOS,400,Ga,1.0,2.190533,1234,1646
/Volumes/Material/02_Du_lieu_Ket_qua/Phan_Tach_Theo_Backend/02_WSL2_KOKKOS_CUDA/Logs/400K/log.04_nemd_400K_Ga_10.0keV_KOKKOS,400,Ga,10.0,7.68458355,3811,2065
/Volumes/Material/02_Du_lieu_Ket_qua/Phan_Tach_Theo_Backend/02_WSL2_KOKKOS_CUDA/Logs/400K/log.04_nemd_400K_Ga_3.0keV_KOKKOS,400,Ga,3.0,4.19005635,1783,1726
/Volumes/Material/02_Du_lieu_Ket_qua/Phan_Tach_Theo_Backend/02_WSL2_KOKKOS_CUDA/Logs/400K/log.04_nemd_400K_Ga_5.0keV_KOKKOS,400,Ga,5.0,6.038805475,3361,1884
/Volumes/Material/02_Du_lieu_Ket_qua/Phan_Tach_Theo_Backend/02_WSL2_KOKKOS_CUDA/Logs/400K/log.04_nemd_400K_Ga_7.0keV_KOKKOS,400,Ga,7.0,6.864667425,4359,1933
/Volumes/Material/02_Du_lieu_Ket_qua/Phan_Tach_Theo_Backend/02_WSL2_KOKKOS_CUDA/Logs/400K/log.04_nemd_400K_N_1.0keV_KOKKOS,400,N,1.0,1.547720075,1576,1643
/Volumes/Material/02_Du_lieu_Ket_qua/Phan_Tach_Theo_Backend/02_WSL2_KOKKOS_CUDA/Logs/400K/log.04_nemd_400K_N_10.0keV_KOKKOS,400,N,10.0,8.99161125,3566,2027
/Volumes/Material/02_Du_lieu_Ket_qua/Phan_Tach_Theo_Backend/02_WSL2_KOKKOS_CUDA/Logs/400K/log.04_nemd_400K_N_3.0keV_KOKKOS,400,N,3.0,4.76930895,1233,1700
/Volumes/Material/02_Du_lieu_Ket_qua/Phan_Tach_Theo_Backend/02_WSL2_KOKKOS_CUDA/Logs/400K/log.04_nemd_400K_N_5.0keV_KOKKOS,400,N,5.0,5.8911856,2206,1708
/Volumes/Material/02_Du_lieu_Ket_qua/Phan_Tach_Theo_Backend/02_WSL2_KOKKOS_CUDA/Logs/400K/log.04_nemd_400K_N_7.0keV_KOKKOS,400,N,7.0,5.15856475,3070,1875
/Volumes/Material/02_Du_lieu_Ket_qua/Phan_Tach_Theo_Backend/03_KOKKOS_Ensemble_Seeds/Seed10_94615/ToHop10_300K_N_10.0keV/log.04_nemd_300K_N_10.0keV_seed10,300,N,10.0,6.6318223750000005,4069,1974
/Volumes/Material/02_Du_lieu_Ket_qua/Phan_Tach_Theo_Backend/03_KOKKOS_Ensemble_Seeds/Seed10_94615/ToHop24_400K_Ga_7.0keV/log.04_nemd_400K_Ga_7.0keV_seed10,400,Ga,7.0,6.980943800000001,3440,1929
/Volumes/Material/02_Du_lieu_Ket_qua/Phan_Tach_Theo_Backend/03_KOKKOS_Ensemble_Seeds/Seed10_94615/ToHop25_400K_Ga_10.0keV/log.04_nemd_400K_Ga_10.0keV_seed10,400,Ga,10.0,8.779160000000001,3719,2001
/Volumes/Material/02_Du_lieu_Ket_qua/Phan_Tach_Theo_Backend/03_KOKKOS_Ensemble_Seeds/Seed2_15731/ToHop10_300K_N_10.0keV/log.04_nemd_300K_N_10.0keV_seed2,300,N,10.0,6.429767925,2005,1637
/Volumes/Material/02_Du_lieu_Ket_qua/Phan_Tach_Theo_Backend/03_KOKKOS_Ensemble_Seeds/Seed2_15731/ToHop11_350K_Ga_1.0keV/log.04_nemd_350K_Ga_1.0keV_seed2,350,Ga,1.0,2.1842279749999998,1080,1541
/Volumes/Material/02_Du_lieu_Ket_qua/Phan_Tach_Theo_Backend/03_KOKKOS_Ensemble_Seeds/Seed2_15731/ToHop12_350K_Ga_3.0keV/log.04_nemd_350K_Ga_3.0keV_seed2,350,Ga,3.0,4.336263075,976,1539
/Volumes/Material/02_Du_lieu_Ket_qua/Phan_Tach_Theo_Backend/03_KOKKOS_Ensemble_Seeds/Seed2_15731/ToHop13_350K_Ga_5.0keV/log.04_nemd_350K_Ga_5.0keV_seed2,350,Ga,5.0,5.3071932749999995,2981,1758
/Volumes/Material/02_Du_lieu_Ket_qua/Phan_Tach_Theo_Backend/03_KOKKOS_Ensemble_Seeds/Seed2_15731/ToHop14_350K_Ga_7.0keV/log.04_nemd_350K_Ga_7.0keV_seed2,350,Ga,7.0,6.7478421,2966,1859
/Volumes/Material/02_Du_lieu_Ket_qua/Phan_Tach_Theo_Backend/03_KOKKOS_Ensemble_Seeds/Seed2_15731/ToHop15_350K_Ga_10.0keV/log.04_nemd_350K_Ga_10.0keV_seed2,350,Ga,10.0,7.551920925,3633,1977
/Volumes/Material/02_Du_lieu_Ket_qua/Phan_Tach_Theo_Backend/03_KOKKOS_Ensemble_Seeds/Seed2_15731/ToHop16_350K_N_1.0keV/log.04_nemd_350K_N_1.0keV_seed2,350,N,1.0,1.2692257,1037,1538
/Volumes/Material/02_Du_lieu_Ket_qua/Phan_Tach_Theo_Backend/03_KOKKOS_Ensemble_Seeds/Seed2_15731/ToHop17_350K_N_3.0keV/log.04_nemd_350K_N_3.0keV_seed2,350,N,3.0,3.1675270249999996,1072,1549
/Volumes/Material/02_Du_lieu_Ket_qua/Phan_Tach_Theo_Backend/03_KOKKOS_Ensemble_Seeds/Seed2_15731/ToHop18_350K_N_5.0keV/log.04_nemd_350K_N_5.0keV_seed2,350,N,5.0,7.068314525,1375,1595
/Volumes/Material/02_Du_lieu_Ket_qua/Phan_Tach_Theo_Backend/03_KOKKOS_Ensemble_Seeds/Seed2_15731/ToHop19_350K_N_7.0keV/log.04_nemd_350K_N_7.0keV_seed2,350,N,7.0,6.0287237,2677,1753
/Volumes/Material/02_Du_lieu_Ket_qua/Phan_Tach_Theo_Backend/03_KOKKOS_Ensemble_Seeds/Seed2_15731/ToHop1_300K_Ga_1.0keV/log.04_nemd_300K_Ga_1.0keV_seed2,300,Ga,1.0,1.80383335,904,1442
/Volumes/Material/02_Du_lieu_Ket_qua/Phan_Tach_Theo_Backend/03_KOKKOS_Ensemble_Seeds/Seed2_15731/ToHop20_350K_N_10.0keV/log.04_nemd_350K_N_10.0keV_seed2,350,N,10.0,6.705649000000001,3344,1912
/Volumes/Material/02_Du_lieu_Ket_qua/Phan_Tach_Theo_Backend/03_KOKKOS_Ensemble_Seeds/Seed2_15731/ToHop21_400K_Ga_1.0keV/log.04_nemd_400K_Ga_1.0keV_seed2,400,Ga,1.0,2.202486275,1315,1589
/Volumes/Material/02_Du_lieu_Ket_qua/Phan_Tach_Theo_Backend/03_KOKKOS_Ensemble_Seeds/Seed2_15731/ToHop22_400K_Ga_3.0keV/log.04_nemd_400K_Ga_3.0keV_seed2,400,Ga,3.0,3.5284683,1485,1699
/Volumes/Material/02_Du_lieu_Ket_qua/Phan_Tach_Theo_Backend/03_KOKKOS_Ensemble_Seeds/Seed2_15731/ToHop23_400K_Ga_5.0keV/log.04_nemd_400K_Ga_5.0keV_seed2,400,Ga,5.0,4.79471285,4376,1905
/Volumes/Material/02_Du_lieu_Ket_qua/Phan_Tach_Theo_Backend/03_KOKKOS_Ensemble_Seeds/Seed2_15731/ToHop24_400K_Ga_7.0keV/log.04_nemd_400K_Ga_7.0keV_seed2,400,Ga,7.0,6.8656878,4039,2067
/Volumes/Material/02_Du_lieu_Ket_qua/Phan_Tach_Theo_Backend/03_KOKKOS_Ensemble_Seeds/Seed2_15731/ToHop25_400K_Ga_10.0keV/log.04_nemd_400K_Ga_10.0keV_seed2,400,Ga,10.0,9.60944175,4695,2124
/Volumes/Material/02_Du_lieu_Ket_qua/Phan_Tach_Theo_Backend/03_KOKKOS_Ensemble_Seeds/Seed2_15731/ToHop26_400K_N_1.0keV/log.04_nemd_400K_N_1.0keV_seed2,400,N,1.0,2.823977625,1196,1580
/Volumes/Material/02_Du_lieu_Ket_qua/Phan_Tach_Theo_Backend/03_KOKKOS_Ensemble_Seeds/Seed2_15731/ToHop27_400K_N_3.0keV/log.04_nemd_400K_N_3.0keV_seed2,400,N,3.0,5.347690425,1268,1687
/Volumes/Material/02_Du_lieu_Ket_qua/Phan_Tach_Theo_Backend/03_KOKKOS_Ensemble_Seeds/Seed2_15731/ToHop28_400K_N_5.0keV/log.04_nemd_400K_N_5.0keV_seed2,400,N,5.0,4.621895649999999,2489,1820
/Volumes/Material/02_Du_lieu_Ket_qua/Phan_Tach_Theo_Backend/03_KOKKOS_Ensemble_Seeds/Seed2_15731/ToHop29_400K_N_7.0keV/log.04_nemd_400K_N_7.0keV_seed2,400,N,7.0,5.3339871,3445,1922
/Volumes/Material/02_Du_lieu_Ket_qua/Phan_Tach_Theo_Backend/03_KOKKOS_Ensemble_Seeds/Seed2_15731/ToHop2_300K_Ga_3.0keV/log.04_nemd_300K_Ga_3.0keV_seed2,300,Ga,3.0,1.9045782750000002,890,1469
/Volumes/Material/02_Du_lieu_Ket_qua/Phan_Tach_Theo_Backend/03_KOKKOS_Ensemble_Seeds/Seed2_15731/ToHop30_400K_N_10.0keV/log.04_nemd_400K_N_10.0keV_seed2,400,N,10.0,10.964529325,3078,1919
/Volumes/Material/02_Du_lieu_Ket_qua/Phan_Tach_Theo_Backend/03_KOKKOS_Ensemble_Seeds/Seed2_15731/ToHop3_300K_Ga_5.0keV/log.04_nemd_300K_Ga_5.0keV_seed2,300,Ga,5.0,3.8168197249999998,1568,1596
/Volumes/Material/02_Du_lieu_Ket_qua/Phan_Tach_Theo_Backend/03_KOKKOS_Ensemble_Seeds/Seed2_15731/ToHop4_300K_Ga_7.0keV/log.04_nemd_300K_Ga_7.0keV_seed2,300,Ga,7.0,10.10550865,1511,1595
/Volumes/Material/02_Du_lieu_Ket_qua/Phan_Tach_Theo_Backend/03_KOKKOS_Ensemble_Seeds/Seed2_15731/ToHop5_300K_Ga_10.0keV/log.04_nemd_300K_Ga_10.0keV_seed2,300,Ga,10.0,5.884356875000001,3277,1794
/Volumes/Material/02_Du_lieu_Ket_qua/Phan_Tach_Theo_Backend/03_KOKKOS_Ensemble_Seeds/Seed2_15731/ToHop6_300K_N_1.0keV/log.04_nemd_300K_N_1.0keV_seed2,300,N,1.0,1.582793925,879,1361
/Volumes/Material/02_Du_lieu_Ket_qua/Phan_Tach_Theo_Backend/03_KOKKOS_Ensemble_Seeds/Seed2_15731/ToHop7_300K_N_3.0keV/log.04_nemd_300K_N_3.0keV_seed2,300,N,3.0,2.595933725,628,1372
/Volumes/Material/02_Du_lieu_Ket_qua/Phan_Tach_Theo_Backend/03_KOKKOS_Ensemble_Seeds/Seed2_15731/ToHop8_300K_N_5.0keV/log.04_nemd_300K_N_5.0keV_seed2,300,N,5.0,7.54231975,1293,1474
/Volumes/Material/02_Du_lieu_Ket_qua/Phan_Tach_Theo_Backend/03_KOKKOS_Ensemble_Seeds/Seed2_15731/ToHop9_300K_N_7.0keV/log.04_nemd_300K_N_7.0keV_seed2,300,N,7.0,5.727789875000001,1624,1525
/Volumes/Material/02_Du_lieu_Ket_qua/Phan_Tach_Theo_Backend/03_KOKKOS_Ensemble_Seeds/Seed3_42968/ToHop10_300K_N_10.0keV/log.04_nemd_300K_N_10.0keV_seed3,300,N,10.0,6.638283100000001,3782,2015
/Volumes/Material/02_Du_lieu_Ket_qua/Phan_Tach_Theo_Backend/03_KOKKOS_Ensemble_Seeds/Seed3_42968/ToHop11_350K_Ga_1.0keV/log.04_nemd_350K_Ga_1.0keV_seed3,350,Ga,1.0,2.378543225,1029,1504
/Volumes/Material/02_Du_lieu_Ket_qua/Phan_Tach_Theo_Backend/03_KOKKOS_Ensemble_Seeds/Seed3_42968/ToHop12_350K_Ga_3.0keV/log.04_nemd_350K_Ga_3.0keV_seed3,350,Ga,3.0,2.970841025,1037,1581
/Volumes/Material/02_Du_lieu_Ket_qua/Phan_Tach_Theo_Backend/03_KOKKOS_Ensemble_Seeds/Seed3_42968/ToHop13_350K_Ga_5.0keV/log.04_nemd_350K_Ga_5.0keV_seed3,350,Ga,5.0,6.011988799999999,2649,1805
/Volumes/Material/02_Du_lieu_Ket_qua/Phan_Tach_Theo_Backend/03_KOKKOS_Ensemble_Seeds/Seed3_42968/ToHop14_350K_Ga_7.0keV/log.04_nemd_350K_Ga_7.0keV_seed3,350,Ga,7.0,6.62752535,2994,1807
/Volumes/Material/02_Du_lieu_Ket_qua/Phan_Tach_Theo_Backend/03_KOKKOS_Ensemble_Seeds/Seed3_42968/ToHop15_350K_Ga_10.0keV/log.04_nemd_350K_Ga_10.0keV_seed3,350,Ga,10.0,7.647143499999999,3215,1886
/Volumes/Material/02_Du_lieu_Ket_qua/Phan_Tach_Theo_Backend/03_KOKKOS_Ensemble_Seeds/Seed3_42968/ToHop16_350K_N_1.0keV/log.04_nemd_350K_N_1.0keV_seed3,350,N,1.0,1.550338425,1067,1507
/Volumes/Material/02_Du_lieu_Ket_qua/Phan_Tach_Theo_Backend/03_KOKKOS_Ensemble_Seeds/Seed3_42968/ToHop17_350K_N_3.0keV/log.04_nemd_350K_N_3.0keV_seed3,350,N,3.0,3.33111235,1414,1596
/Volumes/Material/02_Du_lieu_Ket_qua/Phan_Tach_Theo_Backend/03_KOKKOS_Ensemble_Seeds/Seed3_42968/ToHop18_350K_N_5.0keV/log.04_nemd_350K_N_5.0keV_seed3,350,N,5.0,5.047145675,1085,1602
/Volumes/Material/02_Du_lieu_Ket_qua/Phan_Tach_Theo_Backend/03_KOKKOS_Ensemble_Seeds/Seed3_42968/ToHop19_350K_N_7.0keV/log.04_nemd_350K_N_7.0keV_seed3,350,N,7.0,6.124886,1122,1649
/Volumes/Material/02_Du_lieu_Ket_qua/Phan_Tach_Theo_Backend/03_KOKKOS_Ensemble_Seeds/Seed3_42968/ToHop1_300K_Ga_1.0keV/log.04_nemd_300K_Ga_1.0keV_seed3,300,Ga,1.0,2.060687975,878,1434
/Volumes/Material/02_Du_lieu_Ket_qua/Phan_Tach_Theo_Backend/03_KOKKOS_Ensemble_Seeds/Seed3_42968/ToHop20_350K_N_10.0keV/log.04_nemd_350K_N_10.0keV_seed3,350,N,10.0,6.1626817,3453,1960
/Volumes/Material/02_Du_lieu_Ket_qua/Phan_Tach_Theo_Backend/03_KOKKOS_Ensemble_Seeds/Seed3_42968/ToHop21_400K_Ga_1.0keV/log.04_nemd_400K_Ga_1.0keV_seed3,400,Ga,1.0,2.2786576,1214,1603
/Volumes/Material/02_Du_lieu_Ket_qua/Phan_Tach_Theo_Backend/03_KOKKOS_Ensemble_Seeds/Seed3_42968/ToHop22_400K_Ga_3.0keV/log.04_nemd_400K_Ga_3.0keV_seed3,400,Ga,3.0,4.032731575,3077,1818
/Volumes/Material/02_Du_lieu_Ket_qua/Phan_Tach_Theo_Backend/03_KOKKOS_Ensemble_Seeds/Seed3_42968/ToHop23_400K_Ga_5.0keV/log.04_nemd_400K_Ga_5.0keV_seed3,400,Ga,5.0,5.671458825,3073,1919
/Volumes/Material/02_Du_lieu_Ket_qua/Phan_Tach_Theo_Backend/03_KOKKOS_Ensemble_Seeds/Seed3_42968/ToHop24_400K_Ga_7.0keV/log.04_nemd_400K_Ga_7.0keV_seed3,400,Ga,7.0,6.892592425,3489,1968
/Volumes/Material/02_Du_lieu_Ket_qua/Phan_Tach_Theo_Backend/03_KOKKOS_Ensemble_Seeds/Seed3_42968/ToHop25_400K_Ga_10.0keV/log.04_nemd_400K_Ga_10.0keV_seed3,400,Ga,10.0,7.6037689749999995,4086,2143
/Volumes/Material/02_Du_lieu_Ket_qua/Phan_Tach_Theo_Backend/03_KOKKOS_Ensemble_Seeds/Seed3_42968/ToHop26_400K_N_1.0keV/log.04_nemd_400K_N_1.0keV_seed3,400,N,1.0,1.959721525,1314,1582
/Volumes/Material/02_Du_lieu_Ket_qua/Phan_Tach_Theo_Backend/03_KOKKOS_Ensemble_Seeds/Seed3_42968/ToHop27_400K_N_3.0keV/log.04_nemd_400K_N_3.0keV_seed3,400,N,3.0,3.22998445,1368,1642
/Volumes/Material/02_Du_lieu_Ket_qua/Phan_Tach_Theo_Backend/03_KOKKOS_Ensemble_Seeds/Seed3_42968/ToHop28_400K_N_5.0keV/log.04_nemd_400K_N_5.0keV_seed3,400,N,5.0,4.42632425,1245,1747
/Volumes/Material/02_Du_lieu_Ket_qua/Phan_Tach_Theo_Backend/03_KOKKOS_Ensemble_Seeds/Seed3_42968/ToHop29_400K_N_7.0keV/log.04_nemd_400K_N_7.0keV_seed3,400,N,7.0,8.752156500000002,3388,1973
/Volumes/Material/02_Du_lieu_Ket_qua/Phan_Tach_Theo_Backend/03_KOKKOS_Ensemble_Seeds/Seed3_42968/ToHop2_300K_Ga_3.0keV/log.04_nemd_300K_Ga_3.0keV_seed3,300,Ga,3.0,3.6449357250000003,1201,1535
/Volumes/Material/02_Du_lieu_Ket_qua/Phan_Tach_Theo_Backend/03_KOKKOS_Ensemble_Seeds/Seed3_42968/ToHop30_400K_N_10.0keV/log.04_nemd_400K_N_10.0keV_seed3,400,N,10.0,9.17786325,3366,1852
/Volumes/Material/02_Du_lieu_Ket_qua/Phan_Tach_Theo_Backend/03_KOKKOS_Ensemble_Seeds/Seed3_42968/ToHop3_300K_Ga_5.0keV/log.04_nemd_300K_Ga_5.0keV_seed3,300,Ga,5.0,3.646836775,2588,1669
/Volumes/Material/02_Du_lieu_Ket_qua/Phan_Tach_Theo_Backend/03_KOKKOS_Ensemble_Seeds/Seed3_42968/ToHop4_300K_Ga_7.0keV/log.04_nemd_300K_Ga_7.0keV_seed3,300,Ga,7.0,5.501846575,3297,1819
/Volumes/Material/02_Du_lieu_Ket_qua/Phan_Tach_Theo_Backend/03_KOKKOS_Ensemble_Seeds/Seed3_42968/ToHop5_300K_Ga_10.0keV/log.04_nemd_300K_Ga_10.0keV_seed3,300,Ga,10.0,4.93348865,4023,1990
/Volumes/Material/02_Du_lieu_Ket_qua/Phan_Tach_Theo_Backend/03_KOKKOS_Ensemble_Seeds/Seed3_42968/ToHop6_300K_N_1.0keV/log.04_nemd_300K_N_1.0keV_seed3,300,N,1.0,1.33166735,896,1378
/Volumes/Material/02_Du_lieu_Ket_qua/Phan_Tach_Theo_Backend/03_KOKKOS_Ensemble_Seeds/Seed3_42968/ToHop7_300K_N_3.0keV/log.04_nemd_300K_N_3.0keV_seed3,300,N,3.0,4.025908275,888,1423
/Volumes/Material/02_Du_lieu_Ket_qua/Phan_Tach_Theo_Backend/03_KOKKOS_Ensemble_Seeds/Seed3_42968/ToHop8_300K_N_5.0keV/log.04_nemd_300K_N_5.0keV_seed3,300,N,5.0,5.29932505,947,1457
/Volumes/Material/02_Du_lieu_Ket_qua/Phan_Tach_Theo_Backend/03_KOKKOS_Ensemble_Seeds/Seed3_42968/ToHop9_300K_N_7.0keV/log.04_nemd_300K_N_7.0keV_seed3,300,N,7.0,5.742851125,2661,1705
/Volumes/Material/02_Du_lieu_Ket_qua/Phan_Tach_Theo_Backend/03_KOKKOS_Ensemble_Seeds/Seed4_67204/ToHop10_300K_N_10.0keV/log.04_nemd_300K_N_10.0keV_seed4,300,N,10.0,7.943591699999999,3842,1934
/Volumes/Material/02_Du_lieu_Ket_qua/Phan_Tach_Theo_Backend/03_KOKKOS_Ensemble_Seeds/Seed4_67204/ToHop11_350K_Ga_1.0keV/log.04_nemd_350K_Ga_1.0keV_seed4,350,Ga,1.0,1.80738485,1079,1504
/Volumes/Material/02_Du_lieu_Ket_qua/Phan_Tach_Theo_Backend/03_KOKKOS_Ensemble_Seeds/Seed4_67204/ToHop12_350K_Ga_3.0keV/log.04_nemd_350K_Ga_3.0keV_seed4,350,Ga,3.0,3.33146755,2014,1744
/Volumes/Material/02_Du_lieu_Ket_qua/Phan_Tach_Theo_Backend/03_KOKKOS_Ensemble_Seeds/Seed4_67204/ToHop13_350K_Ga_5.0keV/log.04_nemd_350K_Ga_5.0keV_seed4,350,Ga,5.0,4.9996043,4018,1891
/Volumes/Material/02_Du_lieu_Ket_qua/Phan_Tach_Theo_Backend/03_KOKKOS_Ensemble_Seeds/Seed4_67204/ToHop14_350K_Ga_7.0keV/log.04_nemd_350K_Ga_7.0keV_seed4,350,Ga,7.0,5.496143625,4124,2125
/Volumes/Material/02_Du_lieu_Ket_qua/Phan_Tach_Theo_Backend/03_KOKKOS_Ensemble_Seeds/Seed4_67204/ToHop15_350K_Ga_10.0keV/log.04_nemd_350K_Ga_10.0keV_seed4,350,Ga,10.0,8.04130205,4173,2212
/Volumes/Material/02_Du_lieu_Ket_qua/Phan_Tach_Theo_Backend/03_KOKKOS_Ensemble_Seeds/Seed4_67204/ToHop16_350K_N_1.0keV/log.04_nemd_350K_N_1.0keV_seed4,350,N,1.0,1.871197475,1086,1562
/Volumes/Material/02_Du_lieu_Ket_qua/Phan_Tach_Theo_Backend/03_KOKKOS_Ensemble_Seeds/Seed4_67204/ToHop17_350K_N_3.0keV/log.04_nemd_350K_N_3.0keV_seed4,350,N,3.0,5.012028025,1349,1585
/Volumes/Material/02_Du_lieu_Ket_qua/Phan_Tach_Theo_Backend/03_KOKKOS_Ensemble_Seeds/Seed4_67204/ToHop18_350K_N_5.0keV/log.04_nemd_350K_N_5.0keV_seed4,350,N,5.0,5.468723175,2423,1805
/Volumes/Material/02_Du_lieu_Ket_qua/Phan_Tach_Theo_Backend/03_KOKKOS_Ensemble_Seeds/Seed4_67204/ToHop19_350K_N_7.0keV/log.04_nemd_350K_N_7.0keV_seed4,350,N,7.0,3.84747475,4113,1994
/Volumes/Material/02_Du_lieu_Ket_qua/Phan_Tach_Theo_Backend/03_KOKKOS_Ensemble_Seeds/Seed4_67204/ToHop1_300K_Ga_1.0keV/log.04_nemd_300K_Ga_1.0keV_seed4,300,Ga,1.0,3.567111575,896,1431
/Volumes/Material/02_Du_lieu_Ket_qua/Phan_Tach_Theo_Backend/03_KOKKOS_Ensemble_Seeds/Seed4_67204/ToHop20_350K_N_10.0keV/log.04_nemd_350K_N_10.0keV_seed4,350,N,10.0,8.994176125,4194,2049
/Volumes/Material/02_Du_lieu_Ket_qua/Phan_Tach_Theo_Backend/03_KOKKOS_Ensemble_Seeds/Seed4_67204/ToHop21_400K_Ga_1.0keV/log.04_nemd_400K_Ga_1.0keV_seed4,400,Ga,1.0,4.13053185,1224,1677
/Volumes/Material/02_Du_lieu_Ket_qua/Phan_Tach_Theo_Backend/03_KOKKOS_Ensemble_Seeds/Seed4_67204/ToHop22_400K_Ga_3.0keV/log.04_nemd_400K_Ga_3.0keV_seed4,400,Ga,3.0,4.2407072999999995,2743,1779
/Volumes/Material/02_Du_lieu_Ket_qua/Phan_Tach_Theo_Backend/03_KOKKOS_Ensemble_Seeds/Seed4_67204/ToHop23_400K_Ga_5.0keV/log.04_nemd_400K_Ga_5.0keV_seed4,400,Ga,5.0,6.273453025,4092,2064
/Volumes/Material/02_Du_lieu_Ket_qua/Phan_Tach_Theo_Backend/03_KOKKOS_Ensemble_Seeds/Seed4_67204/ToHop24_400K_Ga_7.0keV/log.04_nemd_400K_Ga_7.0keV_seed4,400,Ga,7.0,7.890038925000001,4081,2135
/Volumes/Material/02_Du_lieu_Ket_qua/Phan_Tach_Theo_Backend/03_KOKKOS_Ensemble_Seeds/Seed4_67204/ToHop25_400K_Ga_10.0keV/log.04_nemd_400K_Ga_10.0keV_seed4,400,Ga,10.0,7.757097275,3773,2266
/Volumes/Material/02_Du_lieu_Ket_qua/Phan_Tach_Theo_Backend/03_KOKKOS_Ensemble_Seeds/Seed4_67204/ToHop26_400K_N_1.0keV/log.04_nemd_400K_N_1.0keV_seed4,400,N,1.0,2.94146135,1220,1716
/Volumes/Material/02_Du_lieu_Ket_qua/Phan_Tach_Theo_Backend/03_KOKKOS_Ensemble_Seeds/Seed4_67204/ToHop27_400K_N_3.0keV/log.04_nemd_400K_N_3.0keV_seed4,400,N,3.0,5.66969935,1775,1690
/Volumes/Material/02_Du_lieu_Ket_qua/Phan_Tach_Theo_Backend/03_KOKKOS_Ensemble_Seeds/Seed4_67204/ToHop28_400K_N_5.0keV/log.04_nemd_400K_N_5.0keV_seed4,400,N,5.0,7.1656518,3684,1987
/Volumes/Material/02_Du_lieu_Ket_qua/Phan_Tach_Theo_Backend/03_KOKKOS_Ensemble_Seeds/Seed4_67204/ToHop29_400K_N_7.0keV/log.04_nemd_400K_N_7.0keV_seed4,400,N,7.0,7.0060883,4092,2068
/Volumes/Material/02_Du_lieu_Ket_qua/Phan_Tach_Theo_Backend/03_KOKKOS_Ensemble_Seeds/Seed4_67204/ToHop2_300K_Ga_3.0keV/log.04_nemd_300K_Ga_3.0keV_seed4,300,Ga,3.0,4.180249,1223,1572
/Volumes/Material/02_Du_lieu_Ket_qua/Phan_Tach_Theo_Backend/03_KOKKOS_Ensemble_Seeds/Seed4_67204/ToHop30_400K_N_10.0keV/log.04_nemd_400K_N_10.0keV_seed4,400,N,10.0,5.9368248999999995,3401,1935
/Volumes/Material/02_Du_lieu_Ket_qua/Phan_Tach_Theo_Backend/03_KOKKOS_Ensemble_Seeds/Seed4_67204/ToHop3_300K_Ga_5.0keV/log.04_nemd_300K_Ga_5.0keV_seed4,300,Ga,5.0,5.719298725,4356,1986
/Volumes/Material/02_Du_lieu_Ket_qua/Phan_Tach_Theo_Backend/03_KOKKOS_Ensemble_Seeds/Seed4_67204/ToHop4_300K_Ga_7.0keV/log.04_nemd_300K_Ga_7.0keV_seed4,300,Ga,7.0,5.98022265,4384,2108
/Volumes/Material/02_Du_lieu_Ket_qua/Phan_Tach_Theo_Backend/03_KOKKOS_Ensemble_Seeds/Seed4_67204/ToHop5_300K_Ga_10.0keV/log.04_nemd_300K_Ga_10.0keV_seed4,300,Ga,10.0,8.289804025,4739,2354
/Volumes/Material/02_Du_lieu_Ket_qua/Phan_Tach_Theo_Backend/03_KOKKOS_Ensemble_Seeds/Seed4_67204/ToHop6_300K_N_1.0keV/log.04_nemd_300K_N_1.0keV_seed4,300,N,1.0,2.5296558250000003,868,1382
/Volumes/Material/02_Du_lieu_Ket_qua/Phan_Tach_Theo_Backend/03_KOKKOS_Ensemble_Seeds/Seed4_67204/ToHop7_300K_N_3.0keV/log.04_nemd_300K_N_3.0keV_seed4,300,N,3.0,4.460201175,1597,1552
/Volumes/Material/02_Du_lieu_Ket_qua/Phan_Tach_Theo_Backend/03_KOKKOS_Ensemble_Seeds/Seed4_67204/ToHop8_300K_N_5.0keV/log.04_nemd_300K_N_5.0keV_seed4,300,N,5.0,3.1605101249999996,2977,1799
/Volumes/Material/02_Du_lieu_Ket_qua/Phan_Tach_Theo_Backend/03_KOKKOS_Ensemble_Seeds/Seed4_67204/ToHop9_300K_N_7.0keV/log.04_nemd_300K_N_7.0keV_seed4,300,N,7.0,6.3199418000000005,3016,1814
/Volumes/Material/02_Du_lieu_Ket_qua/Phan_Tach_Theo_Backend/03_KOKKOS_Ensemble_Seeds/Seed5_89513/ToHop10_300K_N_10.0keV/log.04_nemd_300K_N_10.0keV_seed5,300,N,10.0,6.9958696499999995,4700,2236
/Volumes/Material/02_Du_lieu_Ket_qua/Phan_Tach_Theo_Backend/03_KOKKOS_Ensemble_Seeds/Seed5_89513/ToHop11_350K_Ga_1.0keV/log.04_nemd_350K_Ga_1.0keV_seed5,350,Ga,1.0,2.6212952250000003,1004,1535
/Volumes/Material/02_Du_lieu_Ket_qua/Phan_Tach_Theo_Backend/03_KOKKOS_Ensemble_Seeds/Seed5_89513/ToHop12_350K_Ga_3.0keV/log.04_nemd_350K_Ga_3.0keV_seed5,350,Ga,3.0,4.711705325,954,1557
/Volumes/Material/02_Du_lieu_Ket_qua/Phan_Tach_Theo_Backend/03_KOKKOS_Ensemble_Seeds/Seed5_89513/ToHop13_350K_Ga_5.0keV/log.04_nemd_350K_Ga_5.0keV_seed5,350,Ga,5.0,4.218514575,3662,1787
/Volumes/Material/02_Du_lieu_Ket_qua/Phan_Tach_Theo_Backend/03_KOKKOS_Ensemble_Seeds/Seed5_89513/ToHop14_350K_Ga_7.0keV/log.04_nemd_350K_Ga_7.0keV_seed5,350,Ga,7.0,5.348640775,3570,1843
/Volumes/Material/02_Du_lieu_Ket_qua/Phan_Tach_Theo_Backend/03_KOKKOS_Ensemble_Seeds/Seed5_89513/ToHop15_350K_Ga_10.0keV/log.04_nemd_350K_Ga_10.0keV_seed5,350,Ga,10.0,8.481681000000002,3482,1872
/Volumes/Material/02_Du_lieu_Ket_qua/Phan_Tach_Theo_Backend/03_KOKKOS_Ensemble_Seeds/Seed5_89513/ToHop16_350K_N_1.0keV/log.04_nemd_350K_N_1.0keV_seed5,350,N,1.0,1.916124,1051,1518
/Volumes/Material/02_Du_lieu_Ket_qua/Phan_Tach_Theo_Backend/03_KOKKOS_Ensemble_Seeds/Seed5_89513/ToHop17_350K_N_3.0keV/log.04_nemd_350K_N_3.0keV_seed5,350,N,3.0,4.65044305,1334,1564
/Volumes/Material/02_Du_lieu_Ket_qua/Phan_Tach_Theo_Backend/03_KOKKOS_Ensemble_Seeds/Seed5_89513/ToHop18_350K_N_5.0keV/log.04_nemd_350K_N_5.0keV_seed5,350,N,5.0,5.5525364999999995,989,1564
/Volumes/Material/02_Du_lieu_Ket_qua/Phan_Tach_Theo_Backend/03_KOKKOS_Ensemble_Seeds/Seed5_89513/ToHop19_350K_N_7.0keV/log.04_nemd_350K_N_7.0keV_seed5,350,N,7.0,6.04172585,4439,1944
/Volumes/Material/02_Du_lieu_Ket_qua/Phan_Tach_Theo_Backend/03_KOKKOS_Ensemble_Seeds/Seed5_89513/ToHop1_300K_Ga_1.0keV/log.04_nemd_300K_Ga_1.0keV_seed5,300,Ga,1.0,2.87091795,876,1361
/Volumes/Material/02_Du_lieu_Ket_qua/Phan_Tach_Theo_Backend/03_KOKKOS_Ensemble_Seeds/Seed5_89513/ToHop20_350K_N_10.0keV/log.04_nemd_350K_N_10.0keV_seed5,350,N,10.0,9.712203775,4099,2095
/Volumes/Material/02_Du_lieu_Ket_qua/Phan_Tach_Theo_Backend/03_KOKKOS_Ensemble_Seeds/Seed5_89513/ToHop21_400K_Ga_1.0keV/log.04_nemd_400K_Ga_1.0keV_seed5,400,Ga,1.0,1.887666925,1246,1614
/Volumes/Material/02_Du_lieu_Ket_qua/Phan_Tach_Theo_Backend/03_KOKKOS_Ensemble_Seeds/Seed5_89513/ToHop22_400K_Ga_3.0keV/log.04_nemd_400K_Ga_3.0keV_seed5,400,Ga,3.0,5.2711159,1481,1674
/Volumes/Material/02_Du_lieu_Ket_qua/Phan_Tach_Theo_Backend/03_KOKKOS_Ensemble_Seeds/Seed5_89513/ToHop23_400K_Ga_5.0keV/log.04_nemd_400K_Ga_5.0keV_seed5,400,Ga,5.0,6.31280865,3133,1867
/Volumes/Material/02_Du_lieu_Ket_qua/Phan_Tach_Theo_Backend/03_KOKKOS_Ensemble_Seeds/Seed5_89513/ToHop24_400K_Ga_7.0keV/log.04_nemd_400K_Ga_7.0keV_seed5,400,Ga,7.0,6.534796999999999,3486,1813
/Volumes/Material/02_Du_lieu_Ket_qua/Phan_Tach_Theo_Backend/03_KOKKOS_Ensemble_Seeds/Seed5_89513/ToHop25_400K_Ga_10.0keV/log.04_nemd_400K_Ga_10.0keV_seed5,400,Ga,10.0,7.32312225,3191,1797
/Volumes/Material/02_Du_lieu_Ket_qua/Phan_Tach_Theo_Backend/03_KOKKOS_Ensemble_Seeds/Seed5_89513/ToHop26_400K_N_1.0keV/log.04_nemd_400K_N_1.0keV_seed5,400,N,1.0,3.165910375,1265,1631
/Volumes/Material/02_Du_lieu_Ket_qua/Phan_Tach_Theo_Backend/03_KOKKOS_Ensemble_Seeds/Seed5_89513/ToHop27_400K_N_3.0keV/log.04_nemd_400K_N_3.0keV_seed5,400,N,3.0,5.296965275,1215,1665
/Volumes/Material/02_Du_lieu_Ket_qua/Phan_Tach_Theo_Backend/03_KOKKOS_Ensemble_Seeds/Seed5_89513/ToHop28_400K_N_5.0keV/log.04_nemd_400K_N_5.0keV_seed5,400,N,5.0,7.0124528,3047,1883
/Volumes/Material/02_Du_lieu_Ket_qua/Phan_Tach_Theo_Backend/03_KOKKOS_Ensemble_Seeds/Seed5_89513/ToHop29_400K_N_7.0keV/log.04_nemd_400K_N_7.0keV_seed5,400,N,7.0,6.9662924749999995,3188,1881
/Volumes/Material/02_Du_lieu_Ket_qua/Phan_Tach_Theo_Backend/03_KOKKOS_Ensemble_Seeds/Seed5_89513/ToHop2_300K_Ga_3.0keV/log.04_nemd_300K_Ga_3.0keV_seed5,300,Ga,3.0,3.8424000250000003,1538,1532
/Volumes/Material/02_Du_lieu_Ket_qua/Phan_Tach_Theo_Backend/03_KOKKOS_Ensemble_Seeds/Seed5_89513/ToHop30_400K_N_10.0keV/log.04_nemd_400K_N_10.0keV_seed5,400,N,10.0,8.069208,4083,2170
/Volumes/Material/02_Du_lieu_Ket_qua/Phan_Tach_Theo_Backend/03_KOKKOS_Ensemble_Seeds/Seed5_89513/ToHop3_300K_Ga_5.0keV/log.04_nemd_300K_Ga_5.0keV_seed5,300,Ga,5.0,5.1968201,2258,1688
/Volumes/Material/02_Du_lieu_Ket_qua/Phan_Tach_Theo_Backend/03_KOKKOS_Ensemble_Seeds/Seed5_89513/ToHop4_300K_Ga_7.0keV/log.04_nemd_300K_Ga_7.0keV_seed5,300,Ga,7.0,4.433290675,3704,1869
/Volumes/Material/02_Du_lieu_Ket_qua/Phan_Tach_Theo_Backend/03_KOKKOS_Ensemble_Seeds/Seed5_89513/ToHop5_300K_Ga_10.0keV/log.04_nemd_300K_Ga_10.0keV_seed5,300,Ga,10.0,6.320574399999999,2871,1829
/Volumes/Material/02_Du_lieu_Ket_qua/Phan_Tach_Theo_Backend/03_KOKKOS_Ensemble_Seeds/Seed5_89513/ToHop6_300K_N_1.0keV/log.04_nemd_300K_N_1.0keV_seed5,300,N,1.0,0.9922184249999999,903,1465
/Volumes/Material/02_Du_lieu_Ket_qua/Phan_Tach_Theo_Backend/03_KOKKOS_Ensemble_Seeds/Seed5_89513/ToHop7_300K_N_3.0keV/log.04_nemd_300K_N_3.0keV_seed5,300,N,3.0,2.7758846249999998,905,1422
/Volumes/Material/02_Du_lieu_Ket_qua/Phan_Tach_Theo_Backend/03_KOKKOS_Ensemble_Seeds/Seed5_89513/ToHop8_300K_N_5.0keV/log.04_nemd_300K_N_5.0keV_seed5,300,N,5.0,4.054745325,1203,1498
/Volumes/Material/02_Du_lieu_Ket_qua/Phan_Tach_Theo_Backend/03_KOKKOS_Ensemble_Seeds/Seed5_89513/ToHop9_300K_N_7.0keV/log.04_nemd_300K_N_7.0keV_seed5,300,N,7.0,6.1768095,1218,1523
/Volumes/Material/02_Du_lieu_Ket_qua/Phan_Tach_Theo_Backend/03_KOKKOS_Ensemble_Seeds/Seed6_27419/ToHop10_300K_N_10.0keV/log.04_nemd_300K_N_10.0keV_seed6,300,N,10.0,6.640835375,3785,1995
/Volumes/Material/02_Du_lieu_Ket_qua/Phan_Tach_Theo_Backend/03_KOKKOS_Ensemble_Seeds/Seed6_27419/ToHop24_400K_Ga_7.0keV/log.04_nemd_400K_Ga_7.0keV_seed6,400,Ga,7.0,7.032682125,4025,1998
/Volumes/Material/02_Du_lieu_Ket_qua/Phan_Tach_Theo_Backend/03_KOKKOS_Ensemble_Seeds/Seed6_27419/ToHop25_400K_Ga_10.0keV/log.04_nemd_400K_Ga_10.0keV_seed6,400,Ga,10.0,13.206591125,4375,2178
/Volumes/Material/02_Du_lieu_Ket_qua/Phan_Tach_Theo_Backend/03_KOKKOS_Ensemble_Seeds/Seed7_58302/ToHop10_300K_N_10.0keV/log.04_nemd_300K_N_10.0keV_seed7,300,N,10.0,6.35464585,3765,1831
/Volumes/Material/02_Du_lieu_Ket_qua/Phan_Tach_Theo_Backend/03_KOKKOS_Ensemble_Seeds/Seed7_58302/ToHop24_400K_Ga_7.0keV/log.04_nemd_400K_Ga_7.0keV_seed7,400,Ga,7.0,6.508948350000001,4015,1955
/Volumes/Material/02_Du_lieu_Ket_qua/Phan_Tach_Theo_Backend/03_KOKKOS_Ensemble_Seeds/Seed7_58302/ToHop25_400K_Ga_10.0keV/log.04_nemd_400K_Ga_10.0keV_seed7,400,Ga,10.0,6.929248524999999,3183,1854
/Volumes/Material/02_Du_lieu_Ket_qua/Phan_Tach_Theo_Backend/03_KOKKOS_Ensemble_Seeds/Seed8_71956/ToHop10_300K_N_10.0keV/log.04_nemd_300K_N_10.0keV_seed8,300,N,10.0,6.496277475,3703,1654
/Volumes/Material/02_Du_lieu_Ket_qua/Phan_Tach_Theo_Backend/03_KOKKOS_Ensemble_Seeds/Seed8_71956/ToHop24_400K_Ga_7.0keV/log.04_nemd_400K_Ga_7.0keV_seed8,400,Ga,7.0,8.0338284,4395,2134
/Volumes/Material/02_Du_lieu_Ket_qua/Phan_Tach_Theo_Backend/03_KOKKOS_Ensemble_Seeds/Seed8_71956/ToHop25_400K_Ga_10.0keV/log.04_nemd_400K_Ga_10.0keV_seed8,400,Ga,10.0,10.2476875,4167,2238
/Volumes/Material/02_Du_lieu_Ket_qua/Phan_Tach_Theo_Backend/03_KOKKOS_Ensemble_Seeds/Seed9_83027/ToHop10_300K_N_10.0keV/log.04_nemd_300K_N_10.0keV_seed9,300,N,10.0,6.416356974999999,3576,1870
/Volumes/Material/02_Du_lieu_Ket_qua/Phan_Tach_Theo_Backend/03_KOKKOS_Ensemble_Seeds/Seed9_83027/ToHop24_400K_Ga_7.0keV/log.04_nemd_400K_Ga_7.0keV_seed9,400,Ga,7.0,7.716640775,3428,2014
/Volumes/Material/02_Du_lieu_Ket_qua/Phan_Tach_Theo_Backend/03_KOKKOS_Ensemble_Seeds/Seed9_83027/ToHop25_400K_Ga_10.0keV/log.04_nemd_400K_Ga_10.0keV_seed9,400,Ga,10.0,9.48899175,3034,1909
