path,profile,seed,T,species,E,Jh,Jc,S,dT,sdT,G_old,G_corr,Jh2,Jc2,G_c2,G_bal,eta2,TmaxGaN_minus_Thot,sic_peak,QC
/Volumes/Material/02_Du_lieu_Ket_qua/Phan_Tach_Theo_Backend/02_WSL2_KOKKOS_CUDA/Logs/300K/log.04_nemd_300K_Ga_1.0keV_KOKKOSREDO,/Volumes/Material/02_Du_lieu_Ket_qua/Phan_Tach_Theo_Backend/02_WSL2_KOKKOS_CUDA/Raw_Data/300K/profile_T_300K_Ga_1.0keV.dat,1,300,Ga,1.0,1.8977443500000002,0.418562725,2.316307075,20.539337361549883,1.2989555859234314,274.43291262412527,99.18148502623795,1.7407138867979306,0.4766639828000894,112.94900106700617,-149.76291382107593,3.5083707733137204,5.103900000000067,0.8777999999999793,1
/Volumes/Material/02_Du_lieu_Ket_qua/Phan_Tach_Theo_Backend/02_WSL2_KOKKOS_CUDA/Logs/300K/log.04_nemd_300K_Ga_10.0keV_KOKKOSREDO,/Volumes/Material/02_Du_lieu_Ket_qua/Phan_Tach_Theo_Backend/02_WSL2_KOKKOS_CUDA/Raw_Data/300K/profile_T_300K_Ga_10.0keV.dat,1,300,Ga,10.0,6.17562325,1.05327265,7.2288959,11.898216301928073,1.4138002313392353,1478.4839026096533,430.83941991307734,6.159854343171922,0.9927635799754345,406.08828578948305,-1056.7949272459484,2.7685280754474593,9.985250000000065,0.0,1
/Volumes/Material/02_Du_lieu_Ket_qua/Phan_Tach_Theo_Backend/02_WSL2_KOKKOS_CUDA/Logs/300K/log.04_nemd_300K_Ga_3.0keV_KOKKOSREDO,/Volumes/Material/02_Du_lieu_Ket_qua/Phan_Tach_Theo_Backend/02_WSL2_KOKKOS_CUDA/Raw_Data/300K/profile_T_300K_Ga_3.0keV.dat,1,300,Ga,3.0,3.7076415,0.45778785,4.16542935,21.760292559752656,1.2627462394339037,465.82364816707917,102.3896402773287,3.7398348057319395,0.4145961758104738,92.72931402961119,-371.8643768657646,2.4987265239610976,6.300749999999994,3.301550000000077,0
/Volumes/Material/02_Du_lieu_Ket_qua/Phan_Tach_Theo_Backend/02_WSL2_KOKKOS_CUDA/Logs/300K/log.04_nemd_300K_Ga_5.0keV_KOKKOSVAL,/Volumes/Material/02_Du_lieu_Ket_qua/Phan_Tach_Theo_Backend/02_WSL2_KOKKOS_CUDA/Raw_Data/300K/profile_T_300K_Ga_5.0keV.dat,1,300,Ga,5.0,3.47181925,0.419914725,3.8917339749999997,16.84306266515,1.152899017587766,562.2747366966298,121.33791412832255,3.362537436810958,0.3730959520199501,107.80923338142397,-431.9122104770396,2.4992182705941586,2.663699999999949,0.044499999999970896,1
/Volumes/Material/02_Du_lieu_Ket_qua/Phan_Tach_Theo_Backend/02_WSL2_KOKKOS_CUDA/Logs/300K/log.04_nemd_300K_Ga_7.0keV_KOKKOSREDO,/Volumes/Material/02_Du_lieu_Ket_qua/Phan_Tach_Theo_Backend/02_WSL2_KOKKOS_CUDA/Raw_Data/300K/profile_T_300K_Ga_7.0keV.dat,1,300,Ga,7.0,5.1109902499999995,0.5466823749999999,5.657672624999999,23.164391665837,1.2757240192109311,594.3515559573323,114.86048830748659,5.134828988759445,0.5564842395760599,116.91990526149048,-480.9656736521102,2.4861881488285187,4.318299999999965,3.474399999999946,0
/Volumes/Material/02_Du_lieu_Ket_qua/Phan_Tach_Theo_Backend/02_WSL2_KOKKOS_CUDA/Logs/300K/log.04_nemd_300K_N_1.0keV_KOKKOSREDO,/Volumes/Material/02_Du_lieu_Ket_qua/Phan_Tach_Theo_Backend/02_WSL2_KOKKOS_CUDA/Raw_Data/300K/profile_T_300K_N_1.0keV.dat,1,300,N,1.0,2.55775375,0.37622887499999996,2.9339826249999996,21.248722300046097,0.806401520848652,336.0092292315539,86.17390793403531,2.5268347524546844,0.3977190523955038,91.09615790319636,-243.83325218965317,2.7472004501858662,3.8390499999999292,0.0,1
/Volumes/Material/02_Du_lieu_Ket_qua/Phan_Tach_Theo_Backend/02_WSL2_KOKKOS_CUDA/Logs/300K/log.04_nemd_300K_N_10.0keV_KOKKOSREDO,/Volumes/Material/02_Du_lieu_Ket_qua/Phan_Tach_Theo_Backend/02_WSL2_KOKKOS_CUDA/Raw_Data/300K/profile_T_300K_N_10.0keV.dat,1,300,N,10.0,5.66101,1.788890425,7.449900425,9.167454256515327,1.3199788958318583,1977.5533377934132,949.7110106422468,5.6323203078869994,1.5879743744705404,843.0459054262122,-1073.5592885214885,3.5705623609987294,3.2486000000000104,7.360299999999995,0
/Volumes/Material/02_Du_lieu_Ket_qua/Phan_Tach_Theo_Backend/02_WSL2_KOKKOS_CUDA/Logs/300K/log.04_nemd_300K_N_3.0keV_KOKKOSREDO,/Volumes/Material/02_Du_lieu_Ket_qua/Phan_Tach_Theo_Backend/02_WSL2_KOKKOS_CUDA/Raw_Data/300K/profile_T_300K_N_3.0keV.dat,1,300,N,3.0,1.3120440249999998,0.474432175,1.7864761999999998,16.619990776802126,1.0345411729699538,261.57301956959606,138.93121732684827,1.322787566438382,0.49907672070979275,146.14804813291377,-120.60643918427391,4.423552989730756,1.3695000000000164,0.0,1
/Volumes/Material/02_Du_lieu_Ket_qua/Phan_Tach_Theo_Backend/02_WSL2_KOKKOS_CUDA/Logs/300K/log.04_nemd_300K_N_5.0keV_KOKKOSREDO,/Volumes/Material/02_Du_lieu_Ket_qua/Phan_Tach_Theo_Backend/02_WSL2_KOKKOS_CUDA/Raw_Data/300K/profile_T_300K_N_5.0keV.dat,1,300,N,5.0,5.916429000000001,1.0604883250000001,6.9769173250000005,7.237852081254914,1.6275121901932816,2345.742643354517,713.1036733998004,5.953180644322031,1.0500197159079911,706.0642714347687,-1648.5151165254113,2.8566063657613845,7.672799999999938,0.0,1
/Volumes/Material/02_Du_lieu_Ket_qua/Phan_Tach_Theo_Backend/02_WSL2_KOKKOS_CUDA/Logs/300K/log.04_nemd_300K_N_7.0keV_KOKKOSREDO,/Volumes/Material/02_Du_lieu_Ket_qua/Phan_Tach_Theo_Backend/02_WSL2_KOKKOS_CUDA/Raw_Data/300K/profile_T_300K_N_7.0keV.dat,1,300,N,7.0,4.8005505,0.5457077,5.3462582,22.47995189561476,1.756000834182944,578.736723675722,118.14658947172205,4.713072184657758,0.5862938263780847,126.93355071753001,-446.7270560196013,2.56828235051857,5.514850000000024,1.9701999999999202,0
/Volumes/Material/02_Du_lieu_Ket_qua/Phan_Tach_Theo_Backend/02_WSL2_KOKKOS_CUDA/Logs/350K/log.04_nemd_350K_Ga_1.0keV_KOKKOSREDO,/Volumes/Material/02_Du_lieu_Ket_qua/Phan_Tach_Theo_Backend/02_WSL2_KOKKOS_CUDA/Raw_Data/350K/profile_T_350K_Ga_1.0keV.dat,1,350,Ga,1.0,3.0487377500000004,0.46937745,3.5181152000000004,25.471003208850163,1.2169002684807306,336.1170128506559,89.68765229373847,3.083967123906652,0.4150161233680723,79.3004047572608,-254.9887615237263,2.621991371567817,5.723050000000001,3.144650000000013,0
/Volumes/Material/02_Du_lieu_Ket_qua/Phan_Tach_Theo_Backend/02_WSL2_KOKKOS_CUDA/Logs/350K/log.04_nemd_350K_Ga_10keV_KOKKOS,/Volumes/Material/02_Du_lieu_Ket_qua/Phan_Tach_Theo_Backend/02_WSL2_KOKKOS_CUDA/Raw_Data/350K/profile_T_350K_Ga_10.0keV.dat,1,350,Ga,10.0,4.825619,1.166222125,5.991841125,14.773738030421953,1.425593868270587,986.9528038230538,384.1911599914893,4.9041152323705655,1.2225652590315257,402.7524045066607,-606.4106161696093,3.328315810335396,3.987399999999923,1.961150000000032,0
/Volumes/Material/02_Du_lieu_Ket_qua/Phan_Tach_Theo_Backend/02_WSL2_KOKKOS_CUDA/Logs/350K/log.04_nemd_350K_Ga_3.0keV_KOKKOSREDO,/Volumes/Material/02_Du_lieu_Ket_qua/Phan_Tach_Theo_Backend/02_WSL2_KOKKOS_CUDA/Raw_Data/350K/profile_T_350K_Ga_3.0keV.dat,1,350,Ga,3.0,3.9572382499999996,0.49458477500000003,4.4518230249999995,17.065460429465134,1.709634521274745,634.8138169182336,141.05199018211007,3.9370731738638476,0.5379040566862694,153.40633508710175,-484.709187563915,2.632982988658011,4.535750000000007,0.0,1
/Volumes/Material/02_Du_lieu_Ket_qua/Phan_Tach_Theo_Backend/02_WSL2_KOKKOS_CUDA/Logs/350K/log.04_nemd_350K_Ga_5.0keV_KOKKOSREDO,/Volumes/Material/02_Du_lieu_Ket_qua/Phan_Tach_Theo_Backend/02_WSL2_KOKKOS_CUDA/Raw_Data/350K/profile_T_350K_Ga_5.0keV.dat,1,350,Ga,5.0,4.36198825,0.4572419,4.819230149999999,16.25619678519797,1.4205115729760285,721.4150676765842,136.8937303121205,4.399167351591172,0.47692768999925567,142.7874623326093,-587.1400001328251,2.4863830169986967,1.1727000000000771,0.7605500000000234,1
/Volumes/Material/02_Du_lieu_Ket_qua/Phan_Tach_Theo_Backend/02_WSL2_KOKKOS_CUDA/Logs/350K/log.04_nemd_350K_Ga_7.0keV_KOKKOSREDO,/Volumes/Material/02_Du_lieu_Ket_qua/Phan_Tach_Theo_Backend/02_WSL2_KOKKOS_CUDA/Raw_Data/350K/profile_T_350K_Ga_7.0keV.dat,1,350,Ga,7.0,5.0519205,0.5021316250000001,5.554052125,18.261250615958886,1.3679831679906156,740.126448582126,133.82693859108207,5.118473576539994,0.45373998473294375,120.92971254932243,-621.6169076529682,2.389081156128508,2.8482000000000767,0.0,1
/Volumes/Material/02_Du_lieu_Ket_qua/Phan_Tach_Theo_Backend/02_WSL2_KOKKOS_CUDA/Logs/350K/log.04_nemd_350K_N_1.0keV_KOKKOS,/Volumes/Material/02_Du_lieu_Ket_qua/Phan_Tach_Theo_Backend/02_WSL2_KOKKOS_CUDA/Raw_Data/350K/profile_T_350K_N_1.0keV.dat,1,350,N,1.0,1.194470825,0.407701,1.602171825,17.77206663133677,1.287454188813283,219.38031052323703,111.65041175360109,1.082242404980087,0.46775145206200924,128.09544794118273,-84.14029878779557,5.044806110428568,0.9409999999999741,0.38144999999997253,1
/Volumes/Material/02_Du_lieu_Ket_qua/Phan_Tach_Theo_Backend/02_WSL2_KOKKOS_CUDA/Logs/350K/log.04_nemd_350K_N_10.0keV_KOKKOS,/Volumes/Material/02_Du_lieu_Ket_qua/Phan_Tach_Theo_Backend/02_WSL2_KOKKOS_CUDA/Raw_Data/350K/profile_T_350K_N_10.0keV.dat,1,350,N,10.0,6.6120730000000005,1.246516125,7.858589125000001,10.41240582448205,1.343654203830205,1836.6228618052583,582.6440284302053,6.414619654185435,1.2983740155395096,606.8833380098006,-1195.7125582066299,3.0150990450748885,2.1462999999999965,0.9739499999998884,1
/Volumes/Material/02_Du_lieu_Ket_qua/Phan_Tach_Theo_Backend/02_WSL2_KOKKOS_CUDA/Logs/350K/log.04_nemd_350K_N_3.0keV_KOKKOS,/Volumes/Material/02_Du_lieu_Ket_qua/Phan_Tach_Theo_Backend/02_WSL2_KOKKOS_CUDA/Raw_Data/350K/profile_T_350K_N_3.0keV.dat,1,350,N,3.0,3.0942374999999998,0.5523747999999999,3.6466122999999997,15.85231721183834,1.3060186777646912,559.7876693440445,169.58896447334567,3.0797104895782925,0.5257770352104812,161.42297393945435,-392.05167384543216,2.8234780500036636,2.394450000000063,0.0,1
/Volumes/Material/02_Du_lieu_Ket_qua/Phan_Tach_Theo_Backend/02_WSL2_KOKKOS_CUDA/Logs/350K/log.04_nemd_350K_N_5.0keV_KOKKOS,/Volumes/Material/02_Du_lieu_Ket_qua/Phan_Tach_Theo_Backend/02_WSL2_KOKKOS_CUDA/Raw_Data/350K/profile_T_350K_N_5.0keV.dat,1,350,N,5.0,3.93781275,0.460872175,4.3986849249999995,17.816172298241895,1.6995810485074943,600.8069395902916,125.8990838058588,3.9125571386608122,0.4355963647221498,118.99434637745567,-474.91061471414207,2.5011231279767485,1.321450000000027,3.0741500000000315,0
/Volumes/Material/02_Du_lieu_Ket_qua/Phan_Tach_Theo_Backend/02_WSL2_KOKKOS_CUDA/Logs/350K/log.04_nemd_350K_N_7.0keV_KOKKOS,/Volumes/Material/02_Du_lieu_Ket_qua/Phan_Tach_Theo_Backend/02_WSL2_KOKKOS_CUDA/Raw_Data/350K/profile_T_350K_N_7.0keV.dat,1,350,N,7.0,5.043119,0.613674175,5.656793175,19.463703304478997,1.797452506657407,707.2473257752014,153.45069396710014,5.1290133353556415,0.6469762988201141,161.77796961101134,-560.3720358956132,2.5773948707217342,5.11039999999997,0.7079499999999825,1
/Volumes/Material/02_Du_lieu_Ket_qua/Phan_Tach_Theo_Backend/02_WSL2_KOKKOS_CUDA/Logs/400K/log.04_nemd_400K_Ga_1.0keV_KOKKOS,/Volumes/Material/02_Du_lieu_Ket_qua/Phan_Tach_Theo_Backend/02_WSL2_KOKKOS_CUDA/Raw_Data/400K/profile_T_400K_Ga_1.0keV.dat,1,400,Ga,1.0,1.67420715,0.51632585,2.190533,13.038303601220093,1.5463518648877264,408.84171383456373,192.73441250242553,1.7417757855882685,0.481637135171772,179.78578892899282,-235.1926428432964,3.528838544909587,1.7587499999999636,0.0,1
/Volumes/Material/02_Du_lieu_Ket_qua/Phan_Tach_Theo_Backend/02_WSL2_KOKKOS_CUDA/Logs/400K/log.04_nemd_400K_Ga_10.0keV_KOKKOS,/Volumes/Material/02_Du_lieu_Ket_qua/Phan_Tach_Theo_Backend/02_WSL2_KOKKOS_CUDA/Raw_Data/400K/profile_T_400K_Ga_10.0keV.dat,1,400,Ga,10.0,6.8748955,0.80968805,7.68458355,15.229057895187623,1.3514922633389754,1227.9305052969903,258.76240394821,6.961083345963451,0.8324548898239477,266.0382952042914,-979.3022338764077,2.5433221450975805,4.779250000000047,0.0,1
/Volumes/Material/02_Du_lieu_Ket_qua/Phan_Tach_Theo_Backend/02_WSL2_KOKKOS_CUDA/Logs/400K/log.04_nemd_400K_Ga_3.0keV_KOKKOS,/Volumes/Material/02_Du_lieu_Ket_qua/Phan_Tach_Theo_Backend/02_WSL2_KOKKOS_CUDA/Raw_Data/400K/profile_T_400K_Ga_3.0keV.dat,1,400,Ga,3.0,3.58229025,0.6077661,4.19005635,20.83741269968766,1.9726154053890428,489.3308082932086,141.95449995139617,3.601987595723379,0.6160743571853949,143.8950400608566,-348.7063696666476,2.825307780861105,4.212850000000003,1.0221500000000106,0
/Volumes/Material/02_Du_lieu_Ket_qua/Phan_Tach_Theo_Backend/02_WSL2_KOKKOS_CUDA/Logs/400K/log.04_nemd_400K_Ga_5.0keV_KOKKOS,/Volumes/Material/02_Du_lieu_Ket_qua/Phan_Tach_Theo_Backend/02_WSL2_KOKKOS_CUDA/Raw_Data/400K/profile_T_400K_Ga_5.0keV.dat,1,400,Ga,5.0,5.4351635,0.603641975,6.038805475,19.39391522325593,2.1709751789367147,757.7257335311979,151.48527641456974,5.536329437004504,0.6388107077083411,160.31094695458341,-614.521528637038,2.5217423295491073,5.017150000000015,0.0,1
/Volumes/Material/02_Du_lieu_Ket_qua/Phan_Tach_Theo_Backend/02_WSL2_KOKKOS_CUDA/Logs/400K/log.04_nemd_400K_Ga_7.0keV_KOKKOS,/Volumes/Material/02_Du_lieu_Ket_qua/Phan_Tach_Theo_Backend/02_WSL2_KOKKOS_CUDA/Raw_Data/400K/profile_T_400K_Ga_7.0keV.dat,1,400,Ga,7.0,6.3314125,0.533254925,6.864667425,23.283747991144082,1.401597043650849,717.4524138233887,111.46498714013377,6.280864675066068,0.49530573497227076,103.53255973982549,-604.6706955927704,2.3424427890897888,5.141300000000058,4.1795999999999935,0
/Volumes/Material/02_Du_lieu_Ket_qua/Phan_Tach_Theo_Backend/02_WSL2_KOKKOS_CUDA/Logs/400K/log.04_nemd_400K_N_1.0keV_KOKKOS,/Volumes/Material/02_Du_lieu_Ket_qua/Phan_Tach_Theo_Backend/02_WSL2_KOKKOS_CUDA/Raw_Data/400K/profile_T_400K_N_1.0keV.dat,1,400,N,1.0,1.0545090000000001,0.49321107499999994,1.547720075,10.317438753236388,1.23907254816087,365.045505559339,232.6576867859519,1.0315203218409201,0.47357117265306875,223.39314573983086,-131.5979759722909,5.395084826940928,0.09910000000007813,0.0,1
/Volumes/Material/02_Du_lieu_Ket_qua/Phan_Tach_Theo_Backend/02_WSL2_KOKKOS_CUDA/Logs/400K/log.04_nemd_400K_N_10.0keV_KOKKOS,/Volumes/Material/02_Du_lieu_Ket_qua/Phan_Tach_Theo_Backend/02_WSL2_KOKKOS_CUDA/Raw_Data/400K/profile_T_400K_N_10.0keV.dat,1,400,N,10.0,6.4755525,2.51605875,8.99161125,5.646830109820144,2.3653186303992624,3874.8892100624457,2168.5654842469316,6.2971267764916075,2.3109852825734176,1991.8147453398517,-1717.8074357435983,4.319019820143743,6.864649999999983,0.9816999999998757,0
/Volumes/Material/02_Du_lieu_Ket_qua/Phan_Tach_Theo_Backend/02_WSL2_KOKKOS_CUDA/Logs/400K/log.04_nemd_400K_N_3.0keV_KOKKOS,/Volumes/Material/02_Du_lieu_Ket_qua/Phan_Tach_Theo_Backend/02_WSL2_KOKKOS_CUDA/Raw_Data/400K/profile_T_400K_N_3.0keV.dat,1,400,N,3.0,3.993288,0.77602095,4.76930895,11.210048108457102,0.9890944319447716,1035.3196802745235,336.91663520365233,3.9063620090408304,0.8495956764060002,368.85977959522955,-663.5616135074287,3.1117574377020527,2.557350000000042,0.0,1
/Volumes/Material/02_Du_lieu_Ket_qua/Phan_Tach_Theo_Backend/02_WSL2_KOKKOS_CUDA/Logs/400K/log.04_nemd_400K_N_5.0keV_KOKKOS,/Volumes/Material/02_Du_lieu_Ket_qua/Phan_Tach_Theo_Backend/02_WSL2_KOKKOS_CUDA/Raw_Data/400K/profile_T_400K_N_5.0keV.dat,1,400,N,5.0,3.99634125,1.8948443499999998,5.8911856,3.871051530461841,1.3915684587883195,3703.3967594657574,2382.325359256038,3.9634626191312763,1.6530211370603343,2078.2890025795973,-1452.4209689874292,4.861827317225389,1.8462000000000671,0.0,0
/Volumes/Material/02_Du_lieu_Ket_qua/Phan_Tach_Theo_Backend/02_WSL2_KOKKOS_CUDA/Logs/400K/log.04_nemd_400K_N_7.0keV_KOKKOS,/Volumes/Material/02_Du_lieu_Ket_qua/Phan_Tach_Theo_Backend/02_WSL2_KOKKOS_CUDA/Raw_Data/400K/profile_T_400K_N_7.0keV.dat,1,400,N,7.0,4.60893675,0.549628,5.15856475,15.670238877323413,1.6906195677602989,801.087137761265,170.70636608891982,4.568602473577251,0.4073505730896639,126.51709166267997,-646.2117926241451,2.3915654065950043,2.1409999999999627,0.0,1
/Volumes/Material/02_Du_lieu_Ket_qua/Phan_Tach_Theo_Backend/03_KOKKOS_Ensemble_Seeds/Seed10_94615/ToHop10_300K_N_10.0keV/log.04_nemd_300K_N_10.0keV_seed10,/Volumes/Material/02_Du_lieu_Ket_qua/Phan_Tach_Theo_Backend/03_KOKKOS_Ensemble_Seeds/Seed10_94615/ToHop10_300K_N_10.0keV/profile_T_300K_N_10.0keV.dat,10,300,N,10.0,5.74768725,0.8841351249999999,6.6318223750000005,12.805521567924643,0.7604447584376844,1260.265661695326,336.02984981521143,5.745578647188002,0.8373682979231025,318.25536101296666,-932.7223519849132,2.682422502978924,2.8129000000000133,0.0,1
/Volumes/Material/02_Du_lieu_Ket_qua/Phan_Tach_Theo_Backend/03_KOKKOS_Ensemble_Seeds/Seed10_94615/ToHop24_400K_Ga_7.0keV/log.04_nemd_400K_Ga_7.0keV_seed10,/Volumes/Material/02_Du_lieu_Ket_qua/Phan_Tach_Theo_Backend/03_KOKKOS_Ensemble_Seeds/Seed10_94615/ToHop24_400K_Ga_7.0keV/profile_T_400K_Ga_7.0keV.dat,10,400,Ga,7.0,6.064710250000001,0.9162335500000001,6.980943800000001,17.240736200728236,1.4285515293049444,985.337075676259,258.6466565719888,6.038745206424238,0.8752379623776383,247.07387398535695,-728.8119305704846,2.678018192682322,5.544050000000084,0.004599999999982174,1
/Volumes/Material/02_Du_lieu_Ket_qua/Phan_Tach_Theo_Backend/03_KOKKOS_Ensemble_Seeds/Seed10_94615/ToHop25_400K_Ga_10.0keV/log.04_nemd_400K_Ga_10.0keV_seed10,/Volumes/Material/02_Du_lieu_Ket_qua/Phan_Tach_Theo_Backend/03_KOKKOS_Ensemble_Seeds/Seed10_94615/ToHop25_400K_Ga_10.0keV/profile_T_400K_Ga_10.0keV.dat,10,400,Ga,10.0,6.232585,2.546575,8.779160000000001,9.002814057941805,2.1650302909297707,2373.018769016836,1376.6853028556368,5.9998839721963755,1.9584855516618895,1058.7625633755288,-1092.395434757235,3.938423632483999,10.197899999999947,0.0,1
/Volumes/Material/02_Du_lieu_Ket_qua/Phan_Tach_Theo_Backend/03_KOKKOS_Ensemble_Seeds/Seed2_15731/ToHop10_300K_N_10.0keV/log.04_nemd_300K_N_10.0keV_seed2,/Volumes/Material/02_Du_lieu_Ket_qua/Phan_Tach_Theo_Backend/03_KOKKOS_Ensemble_Seeds/Seed2_15731/ToHop10_300K_N_10.0keV/profile_T_300K_N_10.0keV.dat,2,300,N,10.0,5.986227,0.443540925,6.429767925,19.552687116295488,1.287312124590161,800.2309359613851,110.40372644551663,5.992336254847956,0.5217267572564857,129.86530653840228,-680.85676024409,2.381476146294986,5.772450000000049,0.0,1
/Volumes/Material/02_Du_lieu_Ket_qua/Phan_Tach_Theo_Backend/03_KOKKOS_Ensemble_Seeds/Seed2_15731/ToHop11_350K_Ga_1.0keV/log.04_nemd_350K_Ga_1.0keV_seed2,/Volumes/Material/02_Du_lieu_Ket_qua/Phan_Tach_Theo_Backend/03_KOKKOS_Ensemble_Seeds/Seed2_15731/ToHop11_350K_Ga_1.0keV/profile_T_350K_Ga_1.0keV.dat,2,350,Ga,1.0,1.3747292,0.809498775,2.1842279749999998,6.914028331086456,1.6850283043783838,768.7644638826013,569.825035572578,1.3565317551196636,0.7873148211448989,554.2092339370247,-200.34252655335033,7.532616998213221,2.8448000000000775,0.0,1
/Volumes/Material/02_Du_lieu_Ket_qua/Phan_Tach_Theo_Backend/03_KOKKOS_Ensemble_Seeds/Seed2_15731/ToHop12_350K_Ga_3.0keV/log.04_nemd_350K_Ga_3.0keV_seed2,/Volumes/Material/02_Du_lieu_Ket_qua/Phan_Tach_Theo_Backend/03_KOKKOS_Ensemble_Seeds/Seed2_15731/ToHop12_350K_Ga_3.0keV/profile_T_350K_Ga_3.0keV.dat,2,350,Ga,3.0,3.796864,0.539399075,4.336263075,23.550069384912547,1.0722904608170232,448.0741822675943,111.47423265896836,3.8710266046637143,0.5045326125775115,104.26859897470656,-347.8661272443196,2.5994754349938463,8.995649999999898,0.0,1
/Volumes/Material/02_Du_lieu_Ket_qua/Phan_Tach_Theo_Backend/03_KOKKOS_Ensemble_Seeds/Seed2_15731/ToHop13_350K_Ga_5.0keV/log.04_nemd_350K_Ga_5.0keV_seed2,/Volumes/Material/02_Du_lieu_Ket_qua/Phan_Tach_Theo_Backend/03_KOKKOS_Ensemble_Seeds/Seed2_15731/ToHop13_350K_Ga_5.0keV/profile_T_350K_Ga_5.0keV.dat,2,350,Ga,5.0,4.87109525,0.436098025,5.3071932749999995,18.604960153871218,2.2045385691767803,694.1648985381238,114.08061684989272,4.874119933770053,0.4900717588603121,128.19982055983007,-573.4202993619951,2.4471408518410285,2.8472000000000435,0.0,1
/Volumes/Material/02_Du_lieu_Ket_qua/Phan_Tach_Theo_Backend/03_KOKKOS_Ensemble_Seeds/Seed2_15731/ToHop14_350K_Ga_7.0keV/log.04_nemd_350K_Ga_7.0keV_seed2,/Volumes/Material/02_Du_lieu_Ket_qua/Phan_Tach_Theo_Backend/03_KOKKOS_Ensemble_Seeds/Seed2_15731/ToHop14_350K_Ga_7.0keV/profile_T_350K_Ga_7.0keV.dat,2,350,Ga,7.0,6.2691475,0.47869459999999997,6.7478421,24.61651417167201,1.6076026093983193,667.0599191373725,94.64299147352509,6.178136644359251,0.5377511426299924,106.31909532050025,-557.5819707884283,2.381357722776307,6.265850000000057,0.0,1
/Volumes/Material/02_Du_lieu_Ket_qua/Phan_Tach_Theo_Backend/03_KOKKOS_Ensemble_Seeds/Seed2_15731/ToHop15_350K_Ga_10.0keV/log.04_nemd_350K_Ga_10.0keV_seed2,/Volumes/Material/02_Du_lieu_Ket_qua/Phan_Tach_Theo_Backend/03_KOKKOS_Ensemble_Seeds/Seed2_15731/ToHop15_350K_Ga_10.0keV/profile_T_350K_Ga_10.0keV.dat,2,350,Ga,10.0,7.156869,0.39505192499999997,7.551920925,15.892257698175172,1.382085172811283,1156.374016894323,120.9832004150877,7.33426631469833,0.38177376839431265,116.9168137451106,-1064.5876477046686,2.2196471356720924,0.5272999999999683,0.0,1
/Volumes/Material/02_Du_lieu_Ket_qua/Phan_Tach_Theo_Backend/03_KOKKOS_Ensemble_Seeds/Seed2_15731/ToHop16_350K_N_1.0keV/log.04_nemd_350K_N_1.0keV_seed2,/Volumes/Material/02_Du_lieu_Ket_qua/Phan_Tach_Theo_Backend/03_KOKKOS_Ensemble_Seeds/Seed2_15731/ToHop16_350K_N_1.0keV/profile_T_350K_N_1.0keV.dat,2,350,N,1.0,0.8426141,0.42661160000000004,1.2692257,14.454251387416036,1.546898102736099,213.68288727161837,143.64600154498095,0.8444847759742435,0.4041563110068114,136.0849964588357,-74.1323294526108,5.671407534706654,0.33449999999999136,2.122000000000128,0
/Volumes/Material/02_Du_lieu_Ket_qua/Phan_Tach_Theo_Backend/03_KOKKOS_Ensemble_Seeds/Seed2_15731/ToHop17_350K_N_3.0keV/log.04_nemd_350K_N_3.0keV_seed2,/Volumes/Material/02_Du_lieu_Ket_qua/Phan_Tach_Theo_Backend/03_KOKKOS_Ensemble_Seeds/Seed2_15731/ToHop17_350K_N_3.0keV/profile_T_350K_N_3.0keV.dat,2,350,N,3.0,2.5689409999999997,0.598586025,3.1675270249999996,14.699198066636143,1.500716487341407,524.3885212903588,198.1935042936682,2.5138288859232523,0.607355900286597,201.09723448895485,-315.6192644695814,3.2743026622719733,2.451599999999985,0.0,1
/Volumes/Material/02_Du_lieu_Ket_qua/Phan_Tach_Theo_Backend/03_KOKKOS_Ensemble_Seeds/Seed2_15731/ToHop18_350K_N_5.0keV/log.04_nemd_350K_N_5.0keV_seed2,/Volumes/Material/02_Du_lieu_Ket_qua/Phan_Tach_Theo_Backend/03_KOKKOS_Ensemble_Seeds/Seed2_15731/ToHop18_350K_N_5.0keV/profile_T_350K_N_5.0keV.dat,2,350,N,5.0,5.854150499999999,1.214164025,7.068314525,13.156980606486911,1.7037702000047874,1307.3326916311444,449.13573590160917,5.773229420739198,1.0388200431868089,384.2736195103859,-875.6611117046032,2.8776765677359837,6.512900000000059,0.0,1
/Volumes/Material/02_Du_lieu_Ket_qua/Phan_Tach_Theo_Backend/03_KOKKOS_Ensemble_Seeds/Seed2_15731/ToHop19_350K_N_7.0keV/log.04_nemd_350K_N_7.0keV_seed2,/Volumes/Material/02_Du_lieu_Ket_qua/Phan_Tach_Theo_Backend/03_KOKKOS_Ensemble_Seeds/Seed2_15731/ToHop19_350K_N_7.0keV/profile_T_350K_N_7.0keV.dat,2,350,N,7.0,4.49762125,1.53110245,6.0287237,8.228083711238583,1.1804730192953488,1783.0074934324764,905.6534276277494,4.386388389876057,1.322888998060818,782.4943102042707,-906.0362762573454,3.727291347398579,2.429650000000038,1.5827999999999065,0
/Volumes/Material/02_Du_lieu_Ket_qua/Phan_Tach_Theo_Backend/03_KOKKOS_Ensemble_Seeds/Seed2_15731/ToHop1_300K_Ga_1.0keV/log.04_nemd_300K_Ga_1.0keV_seed2,/Volumes/Material/02_Du_lieu_Ket_qua/Phan_Tach_Theo_Backend/03_KOKKOS_Ensemble_Seeds/Seed2_15731/ToHop1_300K_Ga_1.0keV/profile_T_300K_Ga_1.0keV.dat,2,300,Ga,1.0,1.2936773,0.51015605,1.80383335,17.336026532013648,1.2933537450720867,253.20561873577688,143.22207568903187,1.2122459345479586,0.506032880597015,142.06453010996245,-99.13172593517648,4.866176872636319,3.0369999999999777,0.6041000000000736,1
/Volumes/Material/02_Du_lieu_Ket_qua/Phan_Tach_Theo_Backend/03_KOKKOS_Ensemble_Seeds/Seed2_15731/ToHop20_350K_N_10.0keV/log.04_nemd_350K_N_10.0keV_seed2,/Volumes/Material/02_Du_lieu_Ket_qua/Phan_Tach_Theo_Backend/03_KOKKOS_Ensemble_Seeds/Seed2_15731/ToHop20_350K_N_10.0keV/profile_T_350K_N_10.0keV.dat,2,350,N,10.0,6.280972500000001,0.4246765,6.705649000000001,16.230921903364617,1.3029663148224655,1005.3658252043848,127.34195895651858,6.3097097057728835,0.4323044363665464,129.62924436014154,-881.1887408269208,2.294214481765837,2.3298500000000217,0.0,1
/Volumes/Material/02_Du_lieu_Ket_qua/Phan_Tach_Theo_Backend/03_KOKKOS_Ensemble_Seeds/Seed2_15731/ToHop21_400K_Ga_1.0keV/log.04_nemd_400K_Ga_1.0keV_seed2,/Volumes/Material/02_Du_lieu_Ket_qua/Phan_Tach_Theo_Backend/03_KOKKOS_Ensemble_Seeds/Seed2_15731/ToHop21_400K_Ga_1.0keV/profile_T_400K_Ga_1.0keV.dat,2,400,Ga,1.0,1.488416475,0.7140698000000001,2.202486275,10.442891180684512,1.3303996156952056,513.2381699869796,332.79469802368556,1.561163794677486,0.6362942086276846,296.54711488214497,-215.51933340461585,4.751930513123921,2.009649999999965,0.0,1
/Volumes/Material/02_Du_lieu_Ket_qua/Phan_Tach_Theo_Backend/03_KOKKOS_Ensemble_Seeds/Seed2_15731/ToHop22_400K_Ga_3.0keV/log.04_nemd_400K_Ga_3.0keV_seed2,/Volumes/Material/02_Du_lieu_Ket_qua/Phan_Tach_Theo_Backend/03_KOKKOS_Ensemble_Seeds/Seed2_15731/ToHop22_400K_Ga_3.0keV/profile_T_400K_Ga_3.0keV.dat,2,400,Ga,3.0,2.9291415,0.5993267999999999,3.5284683,17.217810991545264,1.5201463264068162,498.69472396561025,169.41125025337053,2.9781981424126247,0.5196738033684446,146.8957983400249,-347.47460154945185,2.845505240872226,3.5718499999999835,0.1437500000000682,1
/Volumes/Material/02_Du_lieu_Ket_qua/Phan_Tach_Theo_Backend/03_KOKKOS_Ensemble_Seeds/Seed2_15731/ToHop23_400K_Ga_5.0keV/log.04_nemd_400K_Ga_5.0keV_seed2,/Volumes/Material/02_Du_lieu_Ket_qua/Phan_Tach_Theo_Backend/03_KOKKOS_Ensemble_Seeds/Seed2_15731/ToHop23_400K_Ga_5.0keV/profile_T_400K_Ga_5.0keV.dat,2,400,Ga,5.0,4.2575709999999996,0.53714185,4.79471285,18.129683512312056,1.7146681975409588,643.5745618110393,144.19667728136045,4.174167865586035,0.563669370202479,151.3180368807133,-484.6223454415814,2.6244781665725068,5.54260000000005,0.0,1
/Volumes/Material/02_Du_lieu_Ket_qua/Phan_Tach_Theo_Backend/03_KOKKOS_Ensemble_Seeds/Seed2_15731/ToHop24_400K_Ga_7.0keV/log.04_nemd_400K_Ga_7.0keV_seed2,/Volumes/Material/02_Du_lieu_Ket_qua/Phan_Tach_Theo_Backend/03_KOKKOS_Ensemble_Seeds/Seed2_15731/ToHop24_400K_Ga_7.0keV/profile_T_400K_Ga_7.0keV.dat,2,400,Ga,7.0,6.2654615,0.6002263,6.8656878,22.809177017585625,1.302384176914448,732.4886926428812,128.0742703671652,6.302180312390667,0.5202446720437711,111.00805943426865,-616.8649961250755,2.3599103860053052,3.7826999999999202,2.3235500000000116,0
/Volumes/Material/02_Du_lieu_Ket_qua/Phan_Tach_Theo_Backend/03_KOKKOS_Ensemble_Seeds/Seed2_15731/ToHop25_400K_Ga_10.0keV/log.04_nemd_400K_Ga_10.0keV_seed2,/Volumes/Material/02_Du_lieu_Ket_qua/Phan_Tach_Theo_Backend/03_KOKKOS_Ensemble_Seeds/Seed2_15731/ToHop25_400K_Ga_10.0keV/profile_T_400K_Ga_10.0keV.dat,2,400,Ga,10.0,9.083909,0.52553275,9.60944175,29.80428789940504,1.2415522361090048,784.5956540153826,85.81782842749477,9.154350391148993,0.5433250974675253,88.72326224163949,-703.0765363699734,2.252385786331949,6.678800000000024,3.060649999999953,0
/Volumes/Material/02_Du_lieu_Ket_qua/Phan_Tach_Theo_Backend/03_KOKKOS_Ensemble_Seeds/Seed2_15731/ToHop26_400K_N_1.0keV/log.04_nemd_400K_N_1.0keV_seed2,/Volumes/Material/02_Du_lieu_Ket_qua/Phan_Tach_Theo_Backend/03_KOKKOS_Ensemble_Seeds/Seed2_15731/ToHop26_400K_N_1.0keV/profile_T_400K_N_1.0keV.dat,2,400,N,1.0,2.3735375,0.450440125,2.823977625,21.942524526364764,2.121732571532565,313.1851406956453,99.90954083645693,2.400973937987122,0.38195727602635204,84.71975285713427,-223.91325332934818,2.756719413410712,2.9227999999999383,2.8071499999999787,0
/Volumes/Material/02_Du_lieu_Ket_qua/Phan_Tach_Theo_Backend/03_KOKKOS_Ensemble_Seeds/Seed2_15731/ToHop27_400K_N_3.0keV/log.04_nemd_400K_N_3.0keV_seed2,/Volumes/Material/02_Du_lieu_Ket_qua/Phan_Tach_Theo_Backend/03_KOKKOS_Ensemble_Seeds/Seed2_15731/ToHop27_400K_N_3.0keV/profile_T_400K_N_3.0keV.dat,2,400,N,3.0,4.31343825,1.034252175,5.347690425,17.092546086221773,1.601142948331673,761.3528682817246,294.49380849784785,4.2856550441805945,1.076468211475044,306.51443718177563,-456.89323909065183,3.3417333020371545,3.069749999999999,2.4964999999999122,0
/Volumes/Material/02_Du_lieu_Ket_qua/Phan_Tach_Theo_Backend/03_KOKKOS_Ensemble_Seeds/Seed2_15731/ToHop28_400K_N_5.0keV/log.04_nemd_400K_N_5.0keV_seed2,/Volumes/Material/02_Du_lieu_Ket_qua/Phan_Tach_Theo_Backend/03_KOKKOS_Ensemble_Seeds/Seed2_15731/ToHop28_400K_N_5.0keV/profile_T_400K_N_5.0keV.dat,2,400,N,5.0,4.0502087499999995,0.5716869,4.621895649999999,18.999638608183886,1.7812407296202895,591.972163531305,146.44325907942334,3.96650686409722,0.5982095616767783,153.2373014396879,-431.41134991450696,2.710399953408991,4.0627000000000635,3.8977999999999042,0
/Volumes/Material/02_Du_lieu_Ket_qua/Phan_Tach_Theo_Backend/03_KOKKOS_Ensemble_Seeds/Seed2_15731/ToHop29_400K_N_7.0keV/log.04_nemd_400K_N_7.0keV_seed2,/Volumes/Material/02_Du_lieu_Ket_qua/Phan_Tach_Theo_Backend/03_KOKKOS_Ensemble_Seeds/Seed2_15731/ToHop29_400K_N_7.0keV/profile_T_400K_N_7.0keV.dat,2,400,N,7.0,4.66951975,0.66446735,5.3339871,17.552957617658024,1.48963161332352,739.4829181258903,184.23826146012888,4.62200255330331,0.6593106599062046,182.8084551381636,-549.3719632286139,2.6655179636900774,1.7935500000000388,2.0312500000001137,0
/Volumes/Material/02_Du_lieu_Ket_qua/Phan_Tach_Theo_Backend/03_KOKKOS_Ensemble_Seeds/Seed2_15731/ToHop2_300K_Ga_3.0keV/log.04_nemd_300K_Ga_3.0keV_seed2,/Volumes/Material/02_Du_lieu_Ket_qua/Phan_Tach_Theo_Backend/03_KOKKOS_Ensemble_Seeds/Seed2_15731/ToHop2_300K_Ga_3.0keV/profile_T_300K_Ga_3.0keV.dat,2,300,Ga,3.0,1.4892279250000002,0.41535035,1.9045782750000002,16.636886901204548,0.9442785591498424,278.58212794742303,121.50635746037472,1.4399477784828971,0.43883750980831504,128.37727796254373,-146.43211708239264,3.7534032904859247,0.3806000000000722,1.6981000000000108,0
/Volumes/Material/02_Du_lieu_Ket_qua/Phan_Tach_Theo_Backend/03_KOKKOS_Ensemble_Seeds/Seed2_15731/ToHop30_400K_N_10.0keV/log.04_nemd_400K_N_10.0keV_seed2,/Volumes/Material/02_Du_lieu_Ket_qua/Phan_Tach_Theo_Backend/03_KOKKOS_Ensemble_Seeds/Seed2_15731/ToHop30_400K_N_10.0keV/profile_T_400K_N_10.0keV.dat,2,400,N,10.0,9.433189,1.531340325,10.964529325,11.150985987627394,2.523845516417234,2392.782440084062,668.3669003644385,9.346583442140918,1.4473693215878214,631.7170202856328,-1723.8406025352588,2.732918135651944,6.540000000000077,0.9244500000000357,1
/Volumes/Material/02_Du_lieu_Ket_qua/Phan_Tach_Theo_Backend/03_KOKKOS_Ensemble_Seeds/Seed2_15731/ToHop3_300K_Ga_5.0keV/log.04_nemd_300K_Ga_5.0keV_seed2,/Volumes/Material/02_Du_lieu_Ket_qua/Phan_Tach_Theo_Backend/03_KOKKOS_Ensemble_Seeds/Seed2_15731/ToHop3_300K_Ga_5.0keV/profile_T_300K_Ga_5.0keV.dat,2,300,Ga,5.0,3.34064325,0.476176475,3.8168197249999998,15.624997976319435,1.5436633862429547,594.4401946436188,148.32161688417827,3.3240633799158816,0.44448973101574424,138.45168557028921,-448.4713566981038,2.617438253312977,1.9133000000000493,0.0,1
/Volumes/Material/02_Du_lieu_Ket_qua/Phan_Tach_Theo_Backend/03_KOKKOS_Ensemble_Seeds/Seed2_15731/ToHop4_300K_Ga_7.0keV/log.04_nemd_300K_Ga_7.0keV_seed2,/Volumes/Material/02_Du_lieu_Ket_qua/Phan_Tach_Theo_Backend/03_KOKKOS_Ensemble_Seeds/Seed2_15731/ToHop4_300K_Ga_7.0keV/profile_T_300K_Ga_7.0keV.dat,2,300,Ga,7.0,9.556913250000001,0.5485954000000001,10.10550865,14.35125526730178,1.514706116577273,1713.5420970609239,186.0453233403499,9.55981658670488,0.6480220438318384,219.76391102872674,-1511.1297846022594,2.290860405595897,5.61990000000003,0.0,1
/Volumes/Material/02_Du_lieu_Ket_qua/Phan_Tach_Theo_Backend/03_KOKKOS_Ensemble_Seeds/Seed2_15731/ToHop5_300K_Ga_10.0keV/log.04_nemd_300K_Ga_10.0keV_seed2,/Volumes/Material/02_Du_lieu_Ket_qua/Phan_Tach_Theo_Backend/03_KOKKOS_Ensemble_Seeds/Seed2_15731/ToHop5_300K_Ga_10.0keV/profile_T_300K_Ga_10.0keV.dat,2,300,Ga,10.0,5.501300250000001,0.383056625,5.884356875000001,19.921912146019338,1.1739699160011257,718.7774984848377,93.58116393834271,5.577641595712213,0.31723958916961326,77.50198812463839,-642.5610607254866,2.241228399483574,2.3950000000000387,3.078300000000013,0
/Volumes/Material/02_Du_lieu_Ket_qua/Phan_Tach_Theo_Backend/03_KOKKOS_Ensemble_Seeds/Seed2_15731/ToHop6_300K_N_1.0keV/log.04_nemd_300K_N_1.0keV_seed2,/Volumes/Material/02_Du_lieu_Ket_qua/Phan_Tach_Theo_Backend/03_KOKKOS_Ensemble_Seeds/Seed2_15731/ToHop6_300K_N_1.0keV/profile_T_300K_N_1.0keV.dat,2,300,N,1.0,0.94857395,0.634219975,1.582793925,7.779249066061084,1.3545336582679217,495.12309885937526,396.7881787018047,0.9564902648825699,0.6273602380652847,392.4965091991228,-102.95710403705493,9.624466769342323,0.658299999999997,0.0,1
/Volumes/Material/02_Du_lieu_Ket_qua/Phan_Tach_Theo_Backend/03_KOKKOS_Ensemble_Seeds/Seed2_15731/ToHop7_300K_N_3.0keV/log.04_nemd_300K_N_3.0keV_seed2,/Volumes/Material/02_Du_lieu_Ket_qua/Phan_Tach_Theo_Backend/03_KOKKOS_Ensemble_Seeds/Seed2_15731/ToHop7_300K_N_3.0keV/profile_T_300K_N_3.0keV.dat,2,300,N,3.0,2.14737435,0.44855937500000004,2.595933725,14.671099481330089,0.9630148467270855,430.58354418835944,148.80371066978253,2.148437344727733,0.4288312990471583,142.2591792882722,-285.2284165139353,2.9975105638278636,1.1216000000000577,0.0,1
/Volumes/Material/02_Du_lieu_Ket_qua/Phan_Tach_Theo_Backend/03_KOKKOS_Ensemble_Seeds/Seed2_15731/ToHop8_300K_N_5.0keV/log.04_nemd_300K_N_5.0keV_seed2,/Volumes/Material/02_Du_lieu_Ket_qua/Phan_Tach_Theo_Backend/03_KOKKOS_Ensemble_Seeds/Seed2_15731/ToHop8_300K_N_5.0keV/profile_T_300K_N_5.0keV.dat,2,300,N,5.0,4.98518525,2.5571345,7.54231975,3.660635221470841,1.3717153679534106,5013.892006081383,3399.8018256982323,5.00162594625377,2.5693868504745603,3416.091764108787,-1616.8744581805875,6.225549790616145,4.649400000000071,7.21694999999994,0
/Volumes/Material/02_Du_lieu_Ket_qua/Phan_Tach_Theo_Backend/03_KOKKOS_Ensemble_Seeds/Seed2_15731/ToHop9_300K_N_7.0keV/log.04_nemd_300K_N_7.0keV_seed2,/Volumes/Material/02_Du_lieu_Ket_qua/Phan_Tach_Theo_Backend/03_KOKKOS_Ensemble_Seeds/Seed2_15731/ToHop9_300K_N_7.0keV/profile_T_300K_N_7.0keV.dat,2,300,N,7.0,4.41771075,1.3100791250000001,5.727789875000001,4.835988225813196,1.820527179751535,2882.2279948943847,1318.4655205605777,4.468447360289575,1.2337184744072653,1241.6160516904479,-1627.717907648195,3.5255911922532004,2.35755000000006,0.0,0
/Volumes/Material/02_Du_lieu_Ket_qua/Phan_Tach_Theo_Backend/03_KOKKOS_Ensemble_Seeds/Seed3_42968/ToHop10_300K_N_10.0keV/log.04_nemd_300K_N_10.0keV_seed3,/Volumes/Material/02_Du_lieu_Ket_qua/Phan_Tach_Theo_Backend/03_KOKKOS_Ensemble_Seeds/Seed3_42968/ToHop10_300K_N_10.0keV/profile_T_300K_N_10.0keV.dat,3,300,N,10.0,5.12004175,1.51824135,6.638283100000001,-3.8291398717296943,1.1089789844576665,4218.723173245602,-1929.7278737102024,5.1068419902482605,1.5209681018163552,-1933.1936527081928,2278.8737752784286,3.6966219662359308,2.964650000000006,0.0,0
/Volumes/Material/02_Du_lieu_Ket_qua/Phan_Tach_Theo_Backend/03_KOKKOS_Ensemble_Seeds/Seed3_42968/ToHop11_350K_Ga_1.0keV/log.04_nemd_350K_Ga_1.0keV_seed3,/Volumes/Material/02_Du_lieu_Ket_qua/Phan_Tach_Theo_Backend/03_KOKKOS_Ensemble_Seeds/Seed3_42968/ToHop11_350K_Ga_1.0keV/profile_T_350K_Ga_1.0keV.dat,3,350,Ga,1.0,1.900631225,0.47791200000000006,2.378543225,17.992168161753227,1.6870689384627844,321.7022039423831,129.2768969464595,1.8640903068820485,0.4898009506163696,132.49290040239686,-185.87508106573418,3.425612294480089,1.3208999999999946,1.0399000000000456,0
/Volumes/Material/02_Du_lieu_Ket_qua/Phan_Tach_Theo_Backend/03_KOKKOS_Ensemble_Seeds/Seed3_42968/ToHop12_350K_Ga_3.0keV/log.04_nemd_350K_Ga_3.0keV_seed3,/Volumes/Material/02_Du_lieu_Ket_qua/Phan_Tach_Theo_Backend/03_KOKKOS_Ensemble_Seeds/Seed3_42968/ToHop12_350K_Ga_3.0keV/profile_T_350K_Ga_3.0keV.dat,3,350,Ga,3.0,2.5419445,0.428896525,2.970841025,17.182804442432086,1.437438185329291,420.7381128538523,121.48284813595843,2.5774907423977376,0.4189583205393233,118.66790021060396,-305.6968885457492,2.7763762384048256,2.0973999999999933,0.910449999999912,1
/Volumes/Material/02_Du_lieu_Ket_qua/Phan_Tach_Theo_Backend/03_KOKKOS_Ensemble_Seeds/Seed3_42968/ToHop13_350K_Ga_5.0keV/log.04_nemd_350K_Ga_5.0keV_seed3,/Volumes/Material/02_Du_lieu_Ket_qua/Phan_Tach_Theo_Backend/03_KOKKOS_Ensemble_Seeds/Seed3_42968/ToHop13_350K_Ga_5.0keV/profile_T_350K_Ga_5.0keV.dat,3,350,Ga,5.0,5.555556749999999,0.45643205000000003,6.011988799999999,14.369249244932234,1.5676810143560291,1018.1472073471481,154.5961020590171,5.55517643841888,0.357991797666282,121.25383501948983,-880.1578319723001,2.275527480674184,10.439250000000015,0.0,1
/Volumes/Material/02_Du_lieu_Ket_qua/Phan_Tach_Theo_Backend/03_KOKKOS_Ensemble_Seeds/Seed3_42968/ToHop14_350K_Ga_7.0keV/log.04_nemd_350K_Ga_7.0keV_seed3,/Volumes/Material/02_Du_lieu_Ket_qua/Phan_Tach_Theo_Backend/03_KOKKOS_Ensemble_Seeds/Seed3_42968/ToHop14_350K_Ga_7.0keV/profile_T_350K_Ga_7.0keV.dat,3,350,Ga,7.0,6.0251745,0.60235085,6.62752535,16.56847765331412,1.2352893700644048,973.4088282777794,176.93893395990543,6.034624353109763,0.5984983403952804,175.80726967732096,-798.4236608626117,2.440385921147126,3.639099999999985,0.0,1
/Volumes/Material/02_Du_lieu_Ket_qua/Phan_Tach_Theo_Backend/03_KOKKOS_Ensemble_Seeds/Seed3_42968/ToHop15_350K_Ga_10.0keV/log.04_nemd_350K_Ga_10.0keV_seed3,/Volumes/Material/02_Du_lieu_Ket_qua/Phan_Tach_Theo_Backend/03_KOKKOS_Ensemble_Seeds/Seed3_42968/ToHop15_350K_Ga_10.0keV/profile_T_350K_Ga_10.0keV.dat,3,350,Ga,10.0,6.38699225,1.26015125,7.647143499999999,12.52845186759805,1.880731396589718,1485.3483583777152,489.532749188014,6.065234756615924,1.4002600755275996,543.9610240050486,-906.1046761353634,3.2006582425445647,6.580249999999978,0.0,1
/Volumes/Material/02_Du_lieu_Ket_qua/Phan_Tach_Theo_Backend/03_KOKKOS_Ensemble_Seeds/Seed3_42968/ToHop16_350K_N_1.0keV/log.04_nemd_350K_N_1.0keV_seed3,/Volumes/Material/02_Du_lieu_Ket_qua/Phan_Tach_Theo_Backend/03_KOKKOS_Ensemble_Seeds/Seed3_42968/ToHop16_350K_N_1.0keV/profile_T_350K_N_1.0keV.dat,3,350,N,1.0,1.1114381,0.438900325,1.550338425,18.50070929214951,1.2830587333022405,203.9222534435495,115.46065280695886,1.1340607858004246,0.38525922403692264,101.34939295660241,-98.49288348565733,4.058004383054965,0.8658500000000231,0.9050000000001432,1
/Volumes/Material/02_Du_lieu_Ket_qua/Phan_Tach_Theo_Backend/03_KOKKOS_Ensemble_Seeds/Seed3_42968/ToHop17_350K_N_3.0keV/log.04_nemd_350K_N_3.0keV_seed3,/Volumes/Material/02_Du_lieu_Ket_qua/Phan_Tach_Theo_Backend/03_KOKKOS_Ensemble_Seeds/Seed3_42968/ToHop17_350K_N_3.0keV/profile_T_350K_N_3.0keV.dat,3,350,N,3.0,2.55567475,0.7754376000000001,3.33111235,16.399818695637578,1.1150112731506376,494.2841943202889,230.12526092772495,2.62537981992407,0.6293197915584173,186.7621343604724,-296.1836225474802,3.261123979470088,2.3740999999999985,1.0622999999999934,0
/Volumes/Material/02_Du_lieu_Ket_qua/Phan_Tach_Theo_Backend/03_KOKKOS_Ensemble_Seeds/Seed3_42968/ToHop18_350K_N_5.0keV/log.04_nemd_350K_N_5.0keV_seed3,/Volumes/Material/02_Du_lieu_Ket_qua/Phan_Tach_Theo_Backend/03_KOKKOS_Ensemble_Seeds/Seed3_42968/ToHop18_350K_N_5.0keV/profile_T_350K_N_5.0keV.dat,3,350,N,5.0,4.37694275,0.670202925,5.047145675,16.600018610005634,1.1058698533632776,739.8842022191901,196.49623308667142,4.298385794495106,0.811149659913649,237.82028800093133,-511.20991774915103,2.9304212604014035,3.722849999999994,0.0,1
/Volumes/Material/02_Du_lieu_Ket_qua/Phan_Tach_Theo_Backend/03_KOKKOS_Ensemble_Seeds/Seed3_42968/ToHop19_350K_N_7.0keV/log.04_nemd_350K_N_7.0keV_seed3,/Volumes/Material/02_Du_lieu_Ket_qua/Phan_Tach_Theo_Backend/03_KOKKOS_Ensemble_Seeds/Seed3_42968/ToHop19_350K_N_7.0keV/profile_T_350K_N_7.0keV.dat,3,350,N,7.0,4.5140925,1.6107935,6.124886,13.489458293704956,1.717292429011053,1104.9178497010018,581.1682014432108,4.532705952302082,1.577753759701493,569.247588127206,-533.0677865053331,4.135741841986211,2.458499999999958,4.389599999999973,0
/Volumes/Material/02_Du_lieu_Ket_qua/Phan_Tach_Theo_Backend/03_KOKKOS_Ensemble_Seeds/Seed3_42968/ToHop1_300K_Ga_1.0keV/log.04_nemd_300K_Ga_1.0keV_seed3,/Volumes/Material/02_Du_lieu_Ket_qua/Phan_Tach_Theo_Backend/03_KOKKOS_Ensemble_Seeds/Seed3_42968/ToHop1_300K_Ga_1.0keV/profile_T_300K_Ga_1.0keV.dat,3,300,Ga,1.0,1.495142425,0.56554555,2.060687975,14.881085889286169,1.1643630139215562,336.9799822072462,184.96495509116295,1.5347255446719028,0.44418101306063196,145.27197877006913,-178.33445980999417,3.6292081622906602,2.0171000000000276,0.9063499999999749,1
/Volumes/Material/02_Du_lieu_Ket_qua/Phan_Tach_Theo_Backend/03_KOKKOS_Ensemble_Seeds/Seed3_42968/ToHop20_350K_N_10.0keV/log.04_nemd_350K_N_10.0keV_seed3,/Volumes/Material/02_Du_lieu_Ket_qua/Phan_Tach_Theo_Backend/03_KOKKOS_Ensemble_Seeds/Seed3_42968/ToHop20_350K_N_10.0keV/profile_T_350K_N_10.0keV.dat,3,350,N,10.0,5.4173782500000005,0.74530345,6.1626817,18.73849124304536,1.2268455416795705,800.3161974713107,193.57755344276472,5.491168531283731,0.6516484702348607,169.25255957527725,-628.4839103153352,2.538605863403429,5.172449999999969,3.210700000000031,0
/Volumes/Material/02_Du_lieu_Ket_qua/Phan_Tach_Theo_Backend/03_KOKKOS_Ensemble_Seeds/Seed3_42968/ToHop21_400K_Ga_1.0keV/log.04_nemd_400K_Ga_1.0keV_seed3,/Volumes/Material/02_Du_lieu_Ket_qua/Phan_Tach_Theo_Backend/03_KOKKOS_Ensemble_Seeds/Seed3_42968/ToHop21_400K_Ga_1.0keV/profile_T_400K_Ga_1.0keV.dat,3,400,Ga,1.0,1.8065588,0.4720988,2.2786576,15.26328924734969,0.8826618010390683,363.29333171389817,150.53630343596447,1.8559860387464182,0.46162926530092674,147.19792373177324,-222.3065535703362,3.324278761626349,1.0419499999999289,2.4909999999998718,0
/Volumes/Material/02_Du_lieu_Ket_qua/Phan_Tach_Theo_Backend/03_KOKKOS_Ensemble_Seeds/Seed3_42968/ToHop22_400K_Ga_3.0keV/log.04_nemd_400K_Ga_3.0keV_seed3,/Volumes/Material/02_Du_lieu_Ket_qua/Phan_Tach_Theo_Backend/03_KOKKOS_Ensemble_Seeds/Seed3_42968/ToHop22_400K_Ga_3.0keV/profile_T_400K_Ga_3.0keV.dat,3,400,Ga,3.0,3.50716925,0.525562325,4.032731575,20.50861457812732,2.114144354926285,478.5083071768919,124.72237924821538,3.497822053530354,0.49304341795883433,117.00524416490111,-356.5353933452957,2.6563457449038412,7.834450000000118,2.9780000000000086,0
/Volumes/Material/02_Du_lieu_Ket_qua/Phan_Tach_Theo_Backend/03_KOKKOS_Ensemble_Seeds/Seed3_42968/ToHop23_400K_Ga_5.0keV/log.04_nemd_400K_Ga_5.0keV_seed3,/Volumes/Material/02_Du_lieu_Ket_qua/Phan_Tach_Theo_Backend/03_KOKKOS_Ensemble_Seeds/Seed3_42968/ToHop23_400K_Ga_5.0keV/profile_T_400K_Ga_5.0keV.dat,3,400,Ga,5.0,4.98268125,0.688777575,5.671458825,14.85419947109449,1.4924989664820885,929.1204550230945,225.67644538747172,5.030058754687907,0.7109928318643691,232.95522504652268,-707.5661869922059,2.658469071386219,2.7578000000000316,0.0,1
/Volumes/Material/02_Du_lieu_Ket_qua/Phan_Tach_Theo_Backend/03_KOKKOS_Ensemble_Seeds/Seed3_42968/ToHop24_400K_Ga_7.0keV/log.04_nemd_400K_Ga_7.0keV_seed3,/Volumes/Material/02_Du_lieu_Ket_qua/Phan_Tach_Theo_Backend/03_KOKKOS_Ensemble_Seeds/Seed3_42968/ToHop24_400K_Ga_7.0keV/profile_T_400K_Ga_7.0keV.dat,3,400,Ga,7.0,5.0036065,1.888985925,6.892592425,0.4455209642137561,1.8781880538968034,37647.91619981747,20635.598167415123,4.944189275170284,1.9667101527524473,21484.670630341046,-16263.23995031416,4.64211444902478,4.021500000000003,0.0,0
/Volumes/Material/02_Du_lieu_Ket_qua/Phan_Tach_Theo_Backend/03_KOKKOS_Ensemble_Seeds/Seed3_42968/ToHop25_400K_Ga_10.0keV/log.04_nemd_400K_Ga_10.0keV_seed3,/Volumes/Material/02_Du_lieu_Ket_qua/Phan_Tach_Theo_Backend/03_KOKKOS_Ensemble_Seeds/Seed3_42968/ToHop25_400K_Ga_10.0keV/profile_T_400K_Ga_10.0keV.dat,3,400,Ga,10.0,6.57776975,1.025999225,7.6037689749999995,11.048919776601622,1.164169966833753,1674.6944555234097,451.94303486286964,6.498653815721888,1.0267102856962074,452.25625042988486,-1205.1698994012643,2.750526959982271,5.995450000000005,0.33294999999998254,1
/Volumes/Material/02_Du_lieu_Ket_qua/Phan_Tach_Theo_Backend/03_KOKKOS_Ensemble_Seeds/Seed3_42968/ToHop26_400K_N_1.0keV/log.04_nemd_400K_N_1.0keV_seed3,/Volumes/Material/02_Du_lieu_Ket_qua/Phan_Tach_Theo_Backend/03_KOKKOS_Ensemble_Seeds/Seed3_42968/ToHop26_400K_N_1.0keV/profile_T_400K_N_1.0keV.dat,3,400,N,1.0,1.434693925,0.5250276,1.959721525,12.99212148901745,1.711028671368641,367.0631433268252,196.67925134346737,1.4077538138422605,0.5027828990843787,188.34622061814215,-169.50442415045706,4.222316279496759,0.7281500000000278,0.0,1
/Volumes/Material/02_Du_lieu_Ket_qua/Phan_Tach_Theo_Backend/03_KOKKOS_Ensemble_Seeds/Seed3_42968/ToHop27_400K_N_3.0keV/log.04_nemd_400K_N_3.0keV_seed3,/Volumes/Material/02_Du_lieu_Ket_qua/Phan_Tach_Theo_Backend/03_KOKKOS_Ensemble_Seeds/Seed3_42968/ToHop27_400K_N_3.0keV/profile_T_400K_N_3.0keV.dat,3,400,N,3.0,2.53071325,0.6992712,3.22998445,17.480419350603086,2.1627201367231215,449.6504931141716,194.69297438911107,2.5181068546916294,0.6559245650537835,182.62428732257968,-259.23690895915445,3.4089373928722018,3.5800500000000284,1.7084999999999013,0
/Volumes/Material/02_Du_lieu_Ket_qua/Phan_Tach_Theo_Backend/03_KOKKOS_Ensemble_Seeds/Seed3_42968/ToHop28_400K_N_5.0keV/log.04_nemd_400K_N_5.0keV_seed3,/Volumes/Material/02_Du_lieu_Ket_qua/Phan_Tach_Theo_Backend/03_KOKKOS_Ensemble_Seeds/Seed3_42968/ToHop28_400K_N_5.0keV/profile_T_400K_N_5.0keV.dat,3,400,N,5.0,3.82464425,0.60168,4.42632425,19.614675090733044,1.5633498432973196,549.1469753356882,149.29351464478768,3.9228490233446247,0.6672392811143782,165.5605926516205,-403.903587230226,2.8198025364763626,4.106650000000002,0.0,1
/Volumes/Material/02_Du_lieu_Ket_qua/Phan_Tach_Theo_Backend/03_KOKKOS_Ensemble_Seeds/Seed3_42968/ToHop29_400K_N_7.0keV/log.04_nemd_400K_N_7.0keV_seed3,/Volumes/Material/02_Du_lieu_Ket_qua/Phan_Tach_Theo_Backend/03_KOKKOS_Ensemble_Seeds/Seed3_42968/ToHop29_400K_N_7.0keV/profile_T_400K_N_7.0keV.dat,3,400,N,7.0,8.110131,0.6420255,8.752156500000002,24.418639960860446,1.7512957696115021,872.2080544155202,127.96384805051223,8.047370094614212,0.682112672981725,135.95373149316063,-733.9947412950788,2.3704487889198784,9.121050000000025,0.118850000000009,1
/Volumes/Material/02_Du_lieu_Ket_qua/Phan_Tach_Theo_Backend/03_KOKKOS_Ensemble_Seeds/Seed3_42968/ToHop2_300K_Ga_3.0keV/log.04_nemd_300K_Ga_3.0keV_seed3,/Volumes/Material/02_Du_lieu_Ket_qua/Phan_Tach_Theo_Backend/03_KOKKOS_Ensemble_Seeds/Seed3_42968/ToHop2_300K_Ga_3.0keV/profile_T_300K_Ga_3.0keV.dat,3,300,Ga,3.0,3.185144,0.459791725,3.6449357250000003,20.219357706836547,1.1772953477132546,438.68118536339097,110.67519109313143,3.207344515532066,0.43875736774332824,105.6120692874849,-333.20946743822583,2.6339079744609264,2.605549999999994,2.062849999999969,0
/Volumes/Material/02_Du_lieu_Ket_qua/Phan_Tach_Theo_Backend/03_KOKKOS_Ensemble_Seeds/Seed3_42968/ToHop30_400K_N_10.0keV/log.04_nemd_400K_N_10.0keV_seed3,/Volumes/Material/02_Du_lieu_Ket_qua/Phan_Tach_Theo_Backend/03_KOKKOS_Ensemble_Seeds/Seed3_42968/ToHop30_400K_N_10.0keV/profile_T_400K_N_10.0keV.dat,3,400,N,10.0,5.759672,3.41819125,9.17786325,-12.863813416121502,1.973483285883428,1736.194354660068,-1293.251858246731,5.922953276175235,3.8012947879368744,-1438.196750472337,401.3582889019464,9.166647806910973,3.2238000000000397,4.729450000000099,0
/Volumes/Material/02_Du_lieu_Ket_qua/Phan_Tach_Theo_Backend/03_KOKKOS_Ensemble_Seeds/Seed3_42968/ToHop3_300K_Ga_5.0keV/log.04_nemd_300K_Ga_5.0keV_seed3,/Volumes/Material/02_Du_lieu_Ket_qua/Phan_Tach_Theo_Backend/03_KOKKOS_Ensemble_Seeds/Seed3_42968/ToHop3_300K_Ga_5.0keV/profile_T_300K_Ga_5.0keV.dat,3,300,Ga,5.0,3.31369075,0.333146025,3.646836775,19.889583716066227,0.8716243125183097,446.18721468499996,81.52023583678454,3.3321813018275215,0.3131092553180482,76.61727417041001,-369.3807621443119,2.414841713605414,2.47645,2.60510000000005,0
/Volumes/Material/02_Du_lieu_Ket_qua/Phan_Tach_Theo_Backend/03_KOKKOS_Ensemble_Seeds/Seed3_42968/ToHop4_300K_Ga_7.0keV/log.04_nemd_300K_Ga_7.0keV_seed3,/Volumes/Material/02_Du_lieu_Ket_qua/Phan_Tach_Theo_Backend/03_KOKKOS_Ensemble_Seeds/Seed3_42968/ToHop4_300K_Ga_7.0keV/profile_T_300K_Ga_7.0keV.dat,3,300,Ga,7.0,5.016201,0.485645575,5.501846575,19.67636185752275,1.4445000548951121,680.4405142603872,120.12436926279844,4.978598105557005,0.44066455182119335,108.99831908073003,-561.2286345850096,2.388427504812996,3.269149999999968,2.6067500000000337,0
/Volumes/Material/02_Du_lieu_Ket_qua/Phan_Tach_Theo_Backend/03_KOKKOS_Ensemble_Seeds/Seed3_42968/ToHop5_300K_Ga_10.0keV/log.04_nemd_300K_Ga_10.0keV_seed3,/Volumes/Material/02_Du_lieu_Ket_qua/Phan_Tach_Theo_Backend/03_KOKKOS_Ensemble_Seeds/Seed3_42968/ToHop5_300K_Ga_10.0keV/profile_T_300K_Ga_10.0keV.dat,3,300,Ga,10.0,4.438053,0.49543565,4.93348865,18.025747923052677,1.258455085565616,666.0200898617816,133.7674491796916,4.439675733684445,0.4995177444578852,134.86961323054635,-531.9206274153058,2.5071042793955978,2.4210500000000366,1.505049999999926,0
/Volumes/Material/02_Du_lieu_Ket_qua/Phan_Tach_Theo_Backend/03_KOKKOS_Ensemble_Seeds/Seed3_42968/ToHop6_300K_N_1.0keV/log.04_nemd_300K_N_1.0keV_seed3,/Volumes/Material/02_Du_lieu_Ket_qua/Phan_Tach_Theo_Backend/03_KOKKOS_Ensemble_Seeds/Seed3_42968/ToHop6_300K_N_1.0keV/profile_T_300K_N_1.0keV.dat,3,300,N,1.0,0.8183671250000001,0.5133002249999999,1.33166735,13.197020161348007,1.3127837628346573,245.55363140195286,189.30063014339046,0.7105411612833588,0.5141915144675624,189.62932989771014,-36.20601556395423,12.475017863412742,0.3121999999999616,0.0,1
/Volumes/Material/02_Du_lieu_Ket_qua/Phan_Tach_Theo_Backend/03_KOKKOS_Ensemble_Seeds/Seed3_42968/ToHop7_300K_N_3.0keV/log.04_nemd_300K_N_3.0keV_seed3,/Volumes/Material/02_Du_lieu_Ket_qua/Phan_Tach_Theo_Backend/03_KOKKOS_Ensemble_Seeds/Seed3_42968/ToHop7_300K_N_3.0keV/profile_T_300K_N_3.0keV.dat,3,300,N,3.0,3.17954675,0.846361525,4.025908275,15.018744510732574,1.2648188240395617,652.3140547883276,274.27029156027277,3.1471680845498198,0.8226997199091824,266.6024924113206,-376.63137870818144,3.4157210868926957,1.929800000000057,0.3905999999998926,1
/Volumes/Material/02_Du_lieu_Ket_qua/Phan_Tach_Theo_Backend/03_KOKKOS_Ensemble_Seeds/Seed3_42968/ToHop8_300K_N_5.0keV/log.04_nemd_300K_N_5.0keV_seed3,/Volumes/Material/02_Du_lieu_Ket_qua/Phan_Tach_Theo_Backend/03_KOKKOS_Ensemble_Seeds/Seed3_42968/ToHop8_300K_N_5.0keV/profile_T_300K_N_5.0keV.dat,3,300,N,5.0,4.60959975,0.6897253000000001,5.29932505,18.331410333053554,1.1312549180517597,703.479052184129,183.12041466919038,4.555863203022295,0.7198520411099119,191.1189922546123,-509.2258864833858,2.750625595939133,6.164900000000102,0.0,1
/Volumes/Material/02_Du_lieu_Ket_qua/Phan_Tach_Theo_Backend/03_KOKKOS_Ensemble_Seeds/Seed3_42968/ToHop9_300K_N_7.0keV/log.04_nemd_300K_N_7.0keV_seed3,/Volumes/Material/02_Du_lieu_Ket_qua/Phan_Tach_Theo_Backend/03_KOKKOS_Ensemble_Seeds/Seed3_42968/ToHop9_300K_N_7.0keV/profile_T_300K_N_7.0keV.dat,3,300,N,7.0,4.58608975,1.1567613749999999,5.742851125,9.73734246333305,1.2794710426312765,1435.203890761779,578.1756796221825,4.655356780958053,1.2115394462277143,605.5550071524401,-860.6491671639567,3.4072052358985894,5.011250000000018,0.0,1
/Volumes/Material/02_Du_lieu_Ket_qua/Phan_Tach_Theo_Backend/03_KOKKOS_Ensemble_Seeds/Seed4_67204/ToHop10_300K_N_10.0keV/log.04_nemd_300K_N_10.0keV_seed4,/Volumes/Material/02_Du_lieu_Ket_qua/Phan_Tach_Theo_Backend/03_KOKKOS_Ensemble_Seeds/Seed4_67204/ToHop10_300K_N_10.0keV/profile_T_300K_N_10.0keV.dat,4,300,N,10.0,5.6149189999999995,2.3286727,7.943591699999999,10.332689743736694,1.264080952826276,1870.8114260684117,1096.8608808868107,5.551484064912346,2.34303335107753,1103.6250931314116,-755.6287485696837,4.921077566782481,7.6895000000000095,3.862850000000094,0
/Volumes/Material/02_Du_lieu_Ket_qua/Phan_Tach_Theo_Backend/03_KOKKOS_Ensemble_Seeds/Seed4_67204/ToHop11_350K_Ga_1.0keV/log.04_nemd_350K_Ga_1.0keV_seed4,/Volumes/Material/02_Du_lieu_Ket_qua/Phan_Tach_Theo_Backend/03_KOKKOS_Ensemble_Seeds/Seed4_67204/ToHop11_350K_Ga_1.0keV/profile_T_350K_Ga_1.0keV.dat,4,350,Ga,1.0,1.388594625,0.41879022499999996,1.80738485,15.100439556611207,1.3643554970210696,291.26448845968093,134.97813778458936,1.371197531882979,0.3998941302679868,128.88783403328205,-156.52791845109178,3.6468350861454017,1.3883000000000152,0.2896000000000072,1
/Volumes/Material/02_Du_lieu_Ket_qua/Phan_Tach_Theo_Backend/03_KOKKOS_Ensemble_Seeds/Seed4_67204/ToHop12_350K_Ga_3.0keV/log.04_nemd_350K_Ga_3.0keV_seed4,/Volumes/Material/02_Du_lieu_Ket_qua/Phan_Tach_Theo_Backend/03_KOKKOS_Ensemble_Seeds/Seed4_67204/ToHop12_350K_Ga_3.0keV/profile_T_350K_Ga_3.0keV.dat,4,350,Ga,3.0,2.7885825,0.54288505,3.33146755,20.830671585716345,1.6788727894981834,389.1874300421559,126.8414200329265,2.7530895625786287,0.5064272053932335,118.32329122967056,-262.45873202800243,2.9016525403090516,5.587500000000091,0.34824999999995043,1
/Volumes/Material/02_Du_lieu_Ket_qua/Phan_Tach_Theo_Backend/03_KOKKOS_Ensemble_Seeds/Seed4_67204/ToHop13_350K_Ga_5.0keV/log.04_nemd_350K_Ga_5.0keV_seed4,/Volumes/Material/02_Du_lieu_Ket_qua/Phan_Tach_Theo_Backend/03_KOKKOS_Ensemble_Seeds/Seed4_67204/ToHop13_350K_Ga_5.0keV/profile_T_350K_Ga_5.0keV.dat,4,350,Ga,5.0,4.4666925,0.5329117999999999,4.9996043,19.80983818299171,1.1685425634617572,614.1595288447022,130.92750560430642,4.488055305024753,0.5232269212699595,128.5480930744949,-487.04597124155333,2.5278684176231105,6.381650000000093,0.0,1
/Volumes/Material/02_Du_lieu_Ket_qua/Phan_Tach_Theo_Backend/03_KOKKOS_Ensemble_Seeds/Seed4_67204/ToHop14_350K_Ga_7.0keV/log.04_nemd_350K_Ga_7.0keV_seed4,/Volumes/Material/02_Du_lieu_Ket_qua/Phan_Tach_Theo_Backend/03_KOKKOS_Ensemble_Seeds/Seed4_67204/ToHop14_350K_Ga_7.0keV/profile_T_350K_Ga_7.0keV.dat,4,350,Ga,7.0,4.96975,0.526393625,5.496143625,16.59332448723734,1.7144866882054717,806.0299078647645,154.39516650526008,4.963630681114378,0.6001177208359697,176.01899231060543,-639.9254075788297,2.5501234682228877,3.230899999999963,0.9077500000000214,1
/Volumes/Material/02_Du_lieu_Ket_qua/Phan_Tach_Theo_Backend/03_KOKKOS_Ensemble_Seeds/Seed4_67204/ToHop15_350K_Ga_10.0keV/log.04_nemd_350K_Ga_10.0keV_seed4,/Volumes/Material/02_Du_lieu_Ket_qua/Phan_Tach_Theo_Backend/03_KOKKOS_Ensemble_Seeds/Seed4_67204/ToHop15_350K_Ga_10.0keV/profile_T_350K_Ga_10.0keV.dat,4,350,Ga,10.0,7.30985775,0.7314443,8.04130205,20.588110685956224,1.3546405702129352,950.4655287890799,172.91045381867193,7.394922192168832,0.7629680092939295,180.36253032000116,-783.8834805777683,2.4601768879912185,5.584099999999921,0.36299999999999955,1
/Volumes/Material/02_Du_lieu_Ket_qua/Phan_Tach_Theo_Backend/03_KOKKOS_Ensemble_Seeds/Seed4_67204/ToHop16_350K_N_1.0keV/log.04_nemd_350K_N_1.0keV_seed4,/Volumes/Material/02_Du_lieu_Ket_qua/Phan_Tach_Theo_Backend/03_KOKKOS_Ensemble_Seeds/Seed4_67204/ToHop16_350K_N_1.0keV/profile_T_350K_N_1.0keV.dat,4,350,N,1.0,1.443995725,0.42720175,1.871197475,15.004981231264765,1.15198327820213,303.4664300876126,138.56516132770085,1.4143591747348045,0.3808380633743998,123.52685280714057,-167.61403661295765,3.4739440121280527,1.5787000000000262,0.6883499999999572,1
/Volumes/Material/02_Du_lieu_Ket_qua/Phan_Tach_Theo_Backend/03_KOKKOS_Ensemble_Seeds/Seed4_67204/ToHop17_350K_N_3.0keV/log.04_nemd_350K_N_3.0keV_seed4,/Volumes/Material/02_Du_lieu_Ket_qua/Phan_Tach_Theo_Backend/03_KOKKOS_Ensemble_Seeds/Seed4_67204/ToHop17_350K_N_3.0keV/profile_T_350K_N_3.0keV.dat,4,350,N,3.0,4.47650575,0.535522275,5.012028025,29.006076891358305,1.3593762001010357,420.48546334027293,89.85557575066115,4.527408770722448,0.501095950098634,84.07916384512171,-337.78861640201734,2.49782118024401,6.7862499999999955,2.8438500000000317,0
/Volumes/Material/02_Du_lieu_Ket_qua/Phan_Tach_Theo_Backend/03_KOKKOS_Ensemble_Seeds/Seed4_67204/ToHop18_350K_N_5.0keV/log.04_nemd_350K_N_5.0keV_seed4,/Volumes/Material/02_Du_lieu_Ket_qua/Phan_Tach_Theo_Backend/03_KOKKOS_Ensemble_Seeds/Seed4_67204/ToHop18_350K_N_5.0keV/profile_T_350K_N_5.0keV.dat,4,350,N,5.0,4.63153225,0.837190925,5.468723175,14.898145985684323,1.8278302407564633,893.2647661130624,273.49460994141594,4.606325707961441,0.7951870578963041,259.77273252192964,-622.5138420678766,2.8345926306120752,3.9544499999999516,0.0,1
/Volumes/Material/02_Du_lieu_Ket_qua/Phan_Tach_Theo_Backend/03_KOKKOS_Ensemble_Seeds/Seed4_67204/ToHop19_350K_N_7.0keV/log.04_nemd_350K_N_7.0keV_seed4,/Volumes/Material/02_Du_lieu_Ket_qua/Phan_Tach_Theo_Backend/03_KOKKOS_Ensemble_Seeds/Seed4_67204/ToHop19_350K_N_7.0keV/profile_T_350K_N_7.0keV.dat,4,350,N,7.0,3.05693725,0.7905374999999999,3.84747475,9.399517006583721,1.5057647311574613,996.0857563370797,409.32985647291076,3.0230666015707004,0.786886001861019,407.43915905610237,-578.9323617960385,3.4075535794616565,1.7365500000000225,0.0,1
/Volumes/Material/02_Du_lieu_Ket_qua/Phan_Tach_Theo_Backend/03_KOKKOS_Ensemble_Seeds/Seed4_67204/ToHop1_300K_Ga_1.0keV/log.04_nemd_300K_Ga_1.0keV_seed4,/Volumes/Material/02_Du_lieu_Ket_qua/Phan_Tach_Theo_Backend/03_KOKKOS_Ensemble_Seeds/Seed4_67204/ToHop1_300K_Ga_1.0keV/profile_T_300K_Ga_1.0keV.dat,4,300,Ga,1.0,2.9491025000000004,0.618009075,3.567111575,23.30151699429507,1.1958231911103654,372.5280572502608,129.0824327931378,2.8827291380429534,0.6359853162950833,132.8370976560216,-234.63665025806216,3.13227918579576,5.458950000000016,1.659050000000036,0
/Volumes/Material/02_Du_lieu_Ket_qua/Phan_Tach_Theo_Backend/03_KOKKOS_Ensemble_Seeds/Seed4_67204/ToHop20_350K_N_10.0keV/log.04_nemd_350K_N_10.0keV_seed4,/Volumes/Material/02_Du_lieu_Ket_qua/Phan_Tach_Theo_Backend/03_KOKKOS_Ensemble_Seeds/Seed4_67204/ToHop20_350K_N_10.0keV/profile_T_350K_N_10.0keV.dat,4,350,N,10.0,6.530418,2.463758125,8.994176125,7.970246889382452,1.5800189332717764,2746.0984484941287,1504.467395456369,6.528402621989802,2.3853735751516734,1456.6027133036387,-1264.9480596632518,4.303023752123717,5.26094999999998,3.6526499999999373,0
/Volumes/Material/02_Du_lieu_Ket_qua/Phan_Tach_Theo_Backend/03_KOKKOS_Ensemble_Seeds/Seed4_67204/ToHop21_400K_Ga_1.0keV/log.04_nemd_400K_Ga_1.0keV_seed4,/Volumes/Material/02_Du_lieu_Ket_qua/Phan_Tach_Theo_Backend/03_KOKKOS_Ensemble_Seeds/Seed4_67204/ToHop21_400K_Ga_1.0keV/profile_T_400K_Ga_1.0keV.dat,4,400,Ga,1.0,3.5984525,0.53207935,4.13053185,18.57470673529008,1.5418732181494248,541.1410738753269,139.41545607299258,3.629248575456881,0.4944293975062345,129.55041376671852,-410.69273351836824,2.6308872945321995,4.008650000000046,0.5770499999999856,1
/Volumes/Material/02_Du_lieu_Ket_qua/Phan_Tach_Theo_Backend/03_KOKKOS_Ensemble_Seeds/Seed4_67204/ToHop22_400K_Ga_3.0keV/log.04_nemd_400K_Ga_3.0keV_seed4,/Volumes/Material/02_Du_lieu_Ket_qua/Phan_Tach_Theo_Backend/03_KOKKOS_Ensemble_Seeds/Seed4_67204/ToHop22_400K_Ga_3.0keV/profile_T_400K_Ga_3.0keV.dat,4,400,Ga,3.0,3.71396625,0.5267410499999999,4.2407072999999995,22.986415732600392,1.8386832470937626,448.9454043779978,111.52760941305291,3.5905120852570076,0.5156974243361745,109.18932731117556,-325.51737568270744,2.670866352877003,5.14975000000004,7.194050000000004,0
/Volumes/Material/02_Du_lieu_Ket_qua/Phan_Tach_Theo_Backend/03_KOKKOS_Ensemble_Seeds/Seed4_67204/ToHop23_400K_Ga_5.0keV/log.04_nemd_400K_Ga_5.0keV_seed4,/Volumes/Material/02_Du_lieu_Ket_qua/Phan_Tach_Theo_Backend/03_KOKKOS_Ensemble_Seeds/Seed4_67204/ToHop23_400K_Ga_5.0keV/profile_T_400K_Ga_5.0keV.dat,4,400,Ga,5.0,5.524763,0.7486900249999999,6.273453025,24.386631144105593,1.7721066525479174,626.0100860169225,149.4193086590496,5.366111584173893,0.770708619566755,153.8136548743721,-458.56222939616816,2.6708518277962536,11.08159999999998,0.0967499999999859,1
/Volumes/Material/02_Du_lieu_Ket_qua/Phan_Tach_Theo_Backend/03_KOKKOS_Ensemble_Seeds/Seed4_67204/ToHop24_400K_Ga_7.0keV/log.04_nemd_400K_Ga_7.0keV_seed4,/Volumes/Material/02_Du_lieu_Ket_qua/Phan_Tach_Theo_Backend/03_KOKKOS_Ensemble_Seeds/Seed4_67204/ToHop24_400K_Ga_7.0keV/profile_T_400K_Ga_7.0keV.dat,4,400,Ga,7.0,7.1799315,0.710107425,7.890038925000001,22.111930972852974,1.1739727621653009,868.3183227589384,156.29816129320773,7.270252675736035,0.7114409933710499,156.5916862966308,-721.8134680270789,2.433884080120146,11.448299999999904,0.0,1
/Volumes/Material/02_Du_lieu_Ket_qua/Phan_Tach_Theo_Backend/03_KOKKOS_Ensemble_Seeds/Seed4_67204/ToHop25_400K_Ga_10.0keV/log.04_nemd_400K_Ga_10.0keV_seed4,/Volumes/Material/02_Du_lieu_Ket_qua/Phan_Tach_Theo_Backend/03_KOKKOS_Ensemble_Seeds/Seed4_67204/ToHop25_400K_Ga_10.0keV/profile_T_400K_Ga_10.0keV.dat,4,400,Ga,10.0,6.82267875,0.934418525,7.757097275,21.169375294204656,1.0194635717579745,891.6977789261014,214.82750410137243,6.959791212863363,0.7708648355231325,177.22569082729768,-711.4326028110105,2.498222010425286,7.431450000000154,0.192450000000008,1
/Volumes/Material/02_Du_lieu_Ket_qua/Phan_Tach_Theo_Backend/03_KOKKOS_Ensemble_Seeds/Seed4_67204/ToHop26_400K_N_1.0keV/log.04_nemd_400K_N_1.0keV_seed4,/Volumes/Material/02_Du_lieu_Ket_qua/Phan_Tach_Theo_Backend/03_KOKKOS_Ensemble_Seeds/Seed4_67204/ToHop26_400K_N_1.0keV/profile_T_400K_N_1.0keV.dat,4,400,N,1.0,2.4670803,0.47438105,2.94146135,16.020739685916453,2.1352118117629466,446.79373213138473,144.1123676718751,2.424890853973276,0.5512780221293782,167.4729229056115,-284.59271433527005,3.1769305008161015,3.2633500000000595,2.0374499999999784,0
/Volumes/Material/02_Du_lieu_Ket_qua/Phan_Tach_Theo_Backend/03_KOKKOS_Ensemble_Seeds/Seed4_67204/ToHop27_400K_N_3.0keV/log.04_nemd_400K_N_3.0keV_seed4,/Volumes/Material/02_Du_lieu_Ket_qua/Phan_Tach_Theo_Backend/03_KOKKOS_Ensemble_Seeds/Seed4_67204/ToHop27_400K_N_3.0keV/profile_T_400K_N_3.0keV.dat,4,400,N,3.0,5.02902675,0.6406726,5.66969935,17.137372834078235,1.8105808041653708,805.0859995099858,181.94846276272528,4.930871488926937,0.6700601896266797,190.29442098986996,-605.0267063315428,2.629044698352844,5.682899999999961,0.0,1
/Volumes/Material/02_Du_lieu_Ket_qua/Phan_Tach_Theo_Backend/03_KOKKOS_Ensemble_Seeds/Seed4_67204/ToHop28_400K_N_5.0keV/log.04_nemd_400K_N_5.0keV_seed4,/Volumes/Material/02_Du_lieu_Ket_qua/Phan_Tach_Theo_Backend/03_KOKKOS_Ensemble_Seeds/Seed4_67204/ToHop28_400K_N_5.0keV/profile_T_400K_N_5.0keV.dat,4,400,N,5.0,6.62263575,0.54301605,7.1656518,16.058927956506807,2.185088370085327,1085.8395108743387,164.57073231744675,6.6091294879592075,0.5789061193694869,175.44786016488413,-913.7835574165728,2.384003101699282,3.501600000000053,0.0594000000000392,1
/Volumes/Material/02_Du_lieu_Ket_qua/Phan_Tach_Theo_Backend/03_KOKKOS_Ensemble_Seeds/Seed4_67204/ToHop29_400K_N_7.0keV/log.04_nemd_400K_N_7.0keV_seed4,/Volumes/Material/02_Du_lieu_Ket_qua/Phan_Tach_Theo_Backend/03_KOKKOS_Ensemble_Seeds/Seed4_67204/ToHop29_400K_N_7.0keV/profile_T_400K_N_7.0keV.dat,4,400,N,7.0,6.2060385,0.8000498,7.0060883,16.393383754509443,1.661260584914006,1040.0003624453861,237.52257931843613,6.1587651671195145,0.7133738615290133,211.78981559488435,-808.3267993455171,2.524020274389926,4.9947500000000105,0.0,1
/Volumes/Material/02_Du_lieu_Ket_qua/Phan_Tach_Theo_Backend/03_KOKKOS_Ensemble_Seeds/Seed4_67204/ToHop2_300K_Ga_3.0keV/log.04_nemd_300K_Ga_3.0keV_seed4,/Volumes/Material/02_Du_lieu_Ket_qua/Phan_Tach_Theo_Backend/03_KOKKOS_Ensemble_Seeds/Seed4_67204/ToHop2_300K_Ga_3.0keV/profile_T_300K_Ga_3.0keV.dat,4,300,Ga,3.0,3.625079,0.55517,4.180249,21.044419335334624,1.1840104223810484,483.3833577391472,128.39423618834306,3.6410021386905873,0.5718378948226449,132.2490223342463,-354.9030016283281,2.7452685478988648,10.306300000000022,2.427050000000122,0
/Volumes/Material/02_Du_lieu_Ket_qua/Phan_Tach_Theo_Backend/03_KOKKOS_Ensemble_Seeds/Seed4_67204/ToHop30_400K_N_10.0keV/log.04_nemd_400K_N_10.0keV_seed4,/Volumes/Material/02_Du_lieu_Ket_qua/Phan_Tach_Theo_Backend/03_KOKKOS_Ensemble_Seeds/Seed4_67204/ToHop30_400K_N_10.0keV/profile_T_400K_N_10.0keV.dat,4,400,N,10.0,3.7263405,2.2104844,5.9368248999999995,14.522454681652107,1.6398935293645545,994.8112770024992,740.805007996144,3.6975024272564867,2.295420816272751,769.2699555597185,-234.9415085299975,8.548608292957288,3.2278500000000463,0.39140000000003283,1
/Volumes/Material/02_Du_lieu_Ket_qua/Phan_Tach_Theo_Backend/03_KOKKOS_Ensemble_Seeds/Seed4_67204/ToHop3_300K_Ga_5.0keV/log.04_nemd_300K_Ga_5.0keV_seed4,/Volumes/Material/02_Du_lieu_Ket_qua/Phan_Tach_Theo_Backend/03_KOKKOS_Ensemble_Seeds/Seed4_67204/ToHop3_300K_Ga_5.0keV/profile_T_300K_Ga_5.0keV.dat,4,300,Ga,5.0,5.22098425,0.49831447500000003,5.719298725,22.18822895771524,1.0475100581525738,627.2586104866065,109.3043256536186,5.277636678118138,0.4152726870432128,91.08926851788637,-533.2751142006083,2.3416220487034396,6.642750000000035,0.0,1
/Volumes/Material/02_Du_lieu_Ket_qua/Phan_Tach_Theo_Backend/03_KOKKOS_Ensemble_Seeds/Seed4_67204/ToHop4_300K_Ga_7.0keV/log.04_nemd_300K_Ga_7.0keV_seed4,/Volumes/Material/02_Du_lieu_Ket_qua/Phan_Tach_Theo_Backend/03_KOKKOS_Ensemble_Seeds/Seed4_67204/ToHop4_300K_Ga_7.0keV/profile_T_300K_Ga_7.0keV.dat,4,300,Ga,7.0,5.40004375,0.5801789,5.98022265,19.125458934408755,1.3473921557776714,760.9076979293588,147.64085453781146,5.3548208623962505,0.6016401801954071,153.1022074886432,-604.7821264206179,2.506305331458035,4.704250000000059,0.0,1
/Volumes/Material/02_Du_lieu_Ket_qua/Phan_Tach_Theo_Backend/03_KOKKOS_Ensemble_Seeds/Seed4_67204/ToHop5_300K_Ga_10.0keV/log.04_nemd_300K_Ga_10.0keV_seed4,/Volumes/Material/02_Du_lieu_Ket_qua/Phan_Tach_Theo_Backend/03_KOKKOS_Ensemble_Seeds/Seed4_67204/ToHop5_300K_Ga_10.0keV/profile_T_300K_Ga_10.0keV.dat,4,300,Ga,10.0,7.53155125,0.758252775,8.289804025,22.402714951114547,1.3671333687577518,900.4717660956504,164.72891600140758,7.6100180947630935,0.6697383317192095,145.49932822691815,-753.8810274137969,2.3860007691825227,12.997199999999907,2.468900000000019,0
/Volumes/Material/02_Du_lieu_Ket_qua/Phan_Tach_Theo_Backend/03_KOKKOS_Ensemble_Seeds/Seed4_67204/ToHop6_300K_N_1.0keV/log.04_nemd_300K_N_1.0keV_seed4,/Volumes/Material/02_Du_lieu_Ket_qua/Phan_Tach_Theo_Backend/03_KOKKOS_Ensemble_Seeds/Seed4_67204/ToHop6_300K_N_1.0keV/profile_T_300K_N_1.0keV.dat,4,300,N,1.0,2.0280607,0.501595125,2.5296558250000003,13.240972196707958,1.214945595012477,464.90910606755574,184.36985685322935,2.1193923796851153,0.4908270978970485,180.41188454326544,-299.30349490478494,3.2055447905856127,1.0904500000000326,0.0,1
/Volumes/Material/02_Du_lieu_Ket_qua/Phan_Tach_Theo_Backend/03_KOKKOS_Ensemble_Seeds/Seed4_67204/ToHop7_300K_N_3.0keV/log.04_nemd_300K_N_3.0keV_seed4,/Volumes/Material/02_Du_lieu_Ket_qua/Phan_Tach_Theo_Backend/03_KOKKOS_Ensemble_Seeds/Seed4_67204/ToHop7_300K_N_3.0keV/profile_T_300K_N_3.0keV.dat,4,300,N,3.0,3.5897140000000003,0.870487175,4.460201175,16.456792056872985,1.1661217167006372,659.5318233959241,257.43860926655043,3.6956356346224,0.8306681414709496,245.6624948004678,-423.643948017261,3.159759255149131,5.329399999999964,0.0,1
/Volumes/Material/02_Du_lieu_Ket_qua/Phan_Tach_Theo_Backend/03_KOKKOS_Ensemble_Seeds/Seed4_67204/ToHop8_300K_N_5.0keV/log.04_nemd_300K_N_5.0keV_seed4,/Volumes/Material/02_Du_lieu_Ket_qua/Phan_Tach_Theo_Backend/03_KOKKOS_Ensemble_Seeds/Seed4_67204/ToHop8_300K_N_5.0keV/profile_T_300K_N_5.0keV.dat,4,300,N,5.0,2.6278267499999997,0.532683375,3.1605101249999996,18.926198076092078,1.2251966408510893,406.3687420142243,136.98160387360969,2.606067505802658,0.5501272366955746,141.46736082596294,-264.3465224821678,3.070317547570583,3.8081999999999994,0.0,1
/Volumes/Material/02_Du_lieu_Ket_qua/Phan_Tach_Theo_Backend/03_KOKKOS_Ensemble_Seeds/Seed4_67204/ToHop9_300K_N_7.0keV/log.04_nemd_300K_N_7.0keV_seed4,/Volumes/Material/02_Du_lieu_Ket_qua/Phan_Tach_Theo_Backend/03_KOKKOS_Ensemble_Seeds/Seed4_67204/ToHop9_300K_N_7.0keV/profile_T_300K_N_7.0keV.dat,4,300,N,7.0,5.269234750000001,1.05070705,6.3199418000000005,8.212588018074769,1.0088802279793516,1872.6625753098774,622.6702183077837,5.245779299772957,1.1165217757323114,661.6733539958951,-1223.540702398184,3.08157146337509,2.79525000000001,0.0,1
/Volumes/Material/02_Du_lieu_Ket_qua/Phan_Tach_Theo_Backend/03_KOKKOS_Ensemble_Seeds/Seed5_89513/ToHop10_300K_N_10.0keV/log.04_nemd_300K_N_10.0keV_seed5,/Volumes/Material/02_Du_lieu_Ket_qua/Phan_Tach_Theo_Backend/03_KOKKOS_Ensemble_Seeds/Seed5_89513/ToHop10_300K_N_10.0keV/profile_T_300K_N_10.0keV.dat,5,300,N,10.0,6.471355999999999,0.52451365,6.9958696499999995,23.483637912868858,1.6024351452572985,724.9412677508234,108.70459554191714,6.522969596903265,0.5747565618438978,119.11735679386759,-616.3787083265496,2.3865070457000948,8.464600000000019,0.0,1
/Volumes/Material/02_Du_lieu_Ket_qua/Phan_Tach_Theo_Backend/03_KOKKOS_Ensemble_Seeds/Seed5_89513/ToHop11_350K_Ga_1.0keV/log.04_nemd_350K_Ga_1.0keV_seed5,/Volumes/Material/02_Du_lieu_Ket_qua/Phan_Tach_Theo_Backend/03_KOKKOS_Ensemble_Seeds/Seed5_89513/ToHop11_350K_Ga_1.0keV/profile_T_350K_Ga_1.0keV.dat,5,350,Ga,1.0,2.1854931250000003,0.4358021,2.6212952250000003,14.516187336822952,1.7947316547268668,439.4301604997965,146.11447419025328,2.1738941424907887,0.45762181922842154,153.43012687306455,-287.71342322669534,3.0665482698189845,1.8940000000000623,0.0,1
/Volumes/Material/02_Du_lieu_Ket_qua/Phan_Tach_Theo_Backend/03_KOKKOS_Ensemble_Seeds/Seed5_89513/ToHop12_350K_Ga_3.0keV/log.04_nemd_350K_Ga_3.0keV_seed5,/Volumes/Material/02_Du_lieu_Ket_qua/Phan_Tach_Theo_Backend/03_KOKKOS_Ensemble_Seeds/Seed5_89513/ToHop12_350K_Ga_3.0keV/profile_T_350K_Ga_3.0keV.dat,5,350,Ga,3.0,4.25704425,0.45466107499999997,4.711705325,20.795214069663018,1.4961349560347084,551.367566242332,106.40961312149645,4.256841596207244,0.40712978516060605,95.28531319550076,-450.49638837317246,2.423023649710463,1.3311500000000365,3.0461500000000115,0
/Volumes/Material/02_Du_lieu_Ket_qua/Phan_Tach_Theo_Backend/03_KOKKOS_Ensemble_Seeds/Seed5_89513/ToHop13_350K_Ga_5.0keV/log.04_nemd_350K_Ga_5.0keV_seed5,/Volumes/Material/02_Du_lieu_Ket_qua/Phan_Tach_Theo_Backend/03_KOKKOS_Ensemble_Seeds/Seed5_89513/ToHop13_350K_Ga_5.0keV/profile_T_350K_Ga_5.0keV.dat,5,350,Ga,5.0,3.8006352500000005,0.41787932499999997,4.218514575,18.317538638948292,1.623838363189343,560.4268410081452,111.0299779075036,3.7047962177727336,0.35577784486730935,94.52969767192144,-444.9148518600591,2.424933882412423,1.6195999999999344,1.7748500000000718,0
/Volumes/Material/02_Du_lieu_Ket_qua/Phan_Tach_Theo_Backend/03_KOKKOS_Ensemble_Seeds/Seed5_89513/ToHop14_350K_Ga_7.0keV/log.04_nemd_350K_Ga_7.0keV_seed5,/Volumes/Material/02_Du_lieu_Ket_qua/Phan_Tach_Theo_Backend/03_KOKKOS_Ensemble_Seeds/Seed5_89513/ToHop14_350K_Ga_7.0keV/profile_T_350K_Ga_7.0keV.dat,5,350,Ga,7.0,3.88599475,1.462646025,5.348640775,8.561753457776547,1.7695804589075161,1520.2226628004362,831.4439979790842,3.9124480269326694,1.5213287409052003,864.8023027845757,-679.6182209634667,4.54496502921473,1.7678999999999974,1.6947000000000116,0
/Volumes/Material/02_Du_lieu_Ket_qua/Phan_Tach_Theo_Backend/03_KOKKOS_Ensemble_Seeds/Seed5_89513/ToHop15_350K_Ga_10.0keV/log.04_nemd_350K_Ga_10.0keV_seed5,/Volumes/Material/02_Du_lieu_Ket_qua/Phan_Tach_Theo_Backend/03_KOKKOS_Ensemble_Seeds/Seed5_89513/ToHop15_350K_Ga_10.0keV/profile_T_350K_Ga_10.0keV.dat,5,350,Ga,10.0,5.689958000000001,2.791723,8.481681000000002,6.049716702536671,1.2865118559795305,3411.7200365821272,2245.917358996917,5.657400176759594,2.6106887561208922,2100.2768527930525,-1225.5266850376304,5.42754976849576,10.28189999999995,2.324649999999963,0
/Volumes/Material/02_Du_lieu_Ket_qua/Phan_Tach_Theo_Backend/03_KOKKOS_Ensemble_Seeds/Seed5_89513/ToHop16_350K_N_1.0keV/log.04_nemd_350K_N_1.0keV_seed5,/Volumes/Material/02_Du_lieu_Ket_qua/Phan_Tach_Theo_Backend/03_KOKKOS_Ensemble_Seeds/Seed5_89513/ToHop16_350K_N_1.0keV/profile_T_350K_N_1.0keV.dat,5,350,N,1.0,1.501358025,0.41476597499999995,1.916124,14.616750084334285,1.5405184413629565,319.00631369903294,138.10480400280485,1.5126134353891392,0.4165087701950349,138.6851032639179,-182.48521947007805,3.519959848437566,1.0661499999999933,0.28824999999994816,1
/Volumes/Material/02_Du_lieu_Ket_qua/Phan_Tach_Theo_Backend/03_KOKKOS_Ensemble_Seeds/Seed5_89513/ToHop17_350K_N_3.0keV/log.04_nemd_350K_N_3.0keV_seed5,/Volumes/Material/02_Du_lieu_Ket_qua/Phan_Tach_Theo_Backend/03_KOKKOS_Ensemble_Seeds/Seed5_89513/ToHop17_350K_N_3.0keV/profile_T_350K_N_3.0keV.dat,5,350,N,3.0,4.1164565,0.53398655,4.65044305,16.31413597202328,1.4303255021637027,693.6761170148981,159.30254926664747,3.8645189557077453,0.5826495122157296,173.82001967078457,-489.5349599241702,2.7101434377545153,2.4448999999999614,0.0,1
/Volumes/Material/02_Du_lieu_Ket_qua/Phan_Tach_Theo_Backend/03_KOKKOS_Ensemble_Seeds/Seed5_89513/ToHop18_350K_N_5.0keV/log.04_nemd_350K_N_5.0keV_seed5,/Volumes/Material/02_Du_lieu_Ket_qua/Phan_Tach_Theo_Backend/03_KOKKOS_Ensemble_Seeds/Seed5_89513/ToHop18_350K_N_5.0keV/profile_T_350K_N_5.0keV.dat,5,350,N,5.0,4.856737,0.6957995,5.5525364999999995,21.402528815467463,1.3265503709931945,631.3247583686407,158.22514672727354,4.760192728358208,0.7343632475899803,166.99456179695696,-457.7377968032,2.7296516169878573,6.963350000000048,0.0,1
/Volumes/Material/02_Du_lieu_Ket_qua/Phan_Tach_Theo_Backend/03_KOKKOS_Ensemble_Seeds/Seed5_89513/ToHop19_350K_N_7.0keV/log.04_nemd_350K_N_7.0keV_seed5,/Volumes/Material/02_Du_lieu_Ket_qua/Phan_Tach_Theo_Backend/03_KOKKOS_Ensemble_Seeds/Seed5_89513/ToHop19_350K_N_7.0keV/profile_T_350K_N_7.0keV.dat,5,350,N,7.0,5.0451844999999995,0.99654135,6.04172585,14.829322539860868,1.230871317248911,991.4394438506024,327.0623084687395,5.10169571635836,0.9807879151635838,321.8920716653092,-676.2356717288253,2.952011510550392,4.020950000000028,0.0,1
/Volumes/Material/02_Du_lieu_Ket_qua/Phan_Tach_Theo_Backend/03_KOKKOS_Ensemble_Seeds/Seed5_89513/ToHop1_300K_Ga_1.0keV/log.04_nemd_300K_Ga_1.0keV_seed5,/Volumes/Material/02_Du_lieu_Ket_qua/Phan_Tach_Theo_Backend/03_KOKKOS_Ensemble_Seeds/Seed5_89513/ToHop1_300K_Ga_1.0keV/profile_T_300K_Ga_1.0keV.dat,5,300,Ga,1.0,2.4325015,0.43841645,2.87091795,20.091666487239934,1.2260448600236582,347.7213121058063,106.20069670940589,2.471991642371683,0.3616057886604385,87.59431059188756,-255.6067957644021,2.6853832687032706,3.442299999999989,0.9847999999999502,1
/Volumes/Material/02_Du_lieu_Ket_qua/Phan_Tach_Theo_Backend/03_KOKKOS_Ensemble_Seeds/Seed5_89513/ToHop20_350K_N_10.0keV/log.04_nemd_350K_N_10.0keV_seed5,/Volumes/Material/02_Du_lieu_Ket_qua/Phan_Tach_Theo_Backend/03_KOKKOS_Ensemble_Seeds/Seed5_89513/ToHop20_350K_N_10.0keV/profile_T_350K_N_10.0keV.dat,5,350,N,10.0,8.67497425,1.037229525,9.712203775,18.106382510348112,1.1799069608343538,1305.3067520360341,278.8044266284206,8.6230888400268,1.001083050958425,269.0883544120995,-1024.3870341907739,2.5253646237814182,7.293850000000077,0.0,1
/Volumes/Material/02_Du_lieu_Ket_qua/Phan_Tach_Theo_Backend/03_KOKKOS_Ensemble_Seeds/Seed5_89513/ToHop21_400K_Ga_1.0keV/log.04_nemd_400K_Ga_1.0keV_seed5,/Volumes/Material/02_Du_lieu_Ket_qua/Phan_Tach_Theo_Backend/03_KOKKOS_Ensemble_Seeds/Seed5_89513/ToHop21_400K_Ga_1.0keV/profile_T_400K_Ga_1.0keV.dat,5,400,Ga,1.0,1.350446925,0.53722,1.887666925,11.396116199468622,2.1633992477382256,403.0834685573212,229.43083666983688,1.256089976227342,0.5830650489574573,249.00990658435805,-143.71456029483804,5.465339991626472,1.0856000000000563,0.0,1
/Volumes/Material/02_Du_lieu_Ket_qua/Phan_Tach_Theo_Backend/03_KOKKOS_Ensemble_Seeds/Seed5_89513/ToHop22_400K_Ga_3.0keV/log.04_nemd_400K_Ga_3.0keV_seed5,/Volumes/Material/02_Du_lieu_Ket_qua/Phan_Tach_Theo_Backend/03_KOKKOS_Ensemble_Seeds/Seed5_89513/ToHop22_400K_Ga_3.0keV/profile_T_400K_Ga_3.0keV.dat,5,400,Ga,3.0,4.7027475,0.5683684,5.2711159,20.877481482770634,1.615538181681743,614.3996333425409,132.49768860650047,4.655126257207726,0.6887110837473482,160.551900341753,-462.32412158843783,2.6945426069924023,3.9236499999998955,3.029800000000023,0
/Volumes/Material/02_Du_lieu_Ket_qua/Phan_Tach_Theo_Backend/03_KOKKOS_Ensemble_Seeds/Seed5_89513/ToHop23_400K_Ga_5.0keV/log.04_nemd_400K_Ga_5.0keV_seed5,/Volumes/Material/02_Du_lieu_Ket_qua/Phan_Tach_Theo_Backend/03_KOKKOS_Ensemble_Seeds/Seed5_89513/ToHop23_400K_Ga_5.0keV/profile_T_400K_Ga_5.0keV.dat,5,400,Ga,5.0,5.45815525,0.8546534,6.31280865,18.206873126936216,2.1979423075707945,843.7499286424456,228.4605110798103,5.5806616057989356,0.7726770163844121,206.54710560187993,-642.6199302322402,2.6428281971498597,6.0154999999999745,0.024749999999983174,1
/Volumes/Material/02_Du_lieu_Ket_qua/Phan_Tach_Theo_Backend/03_KOKKOS_Ensemble_Seeds/Seed5_89513/ToHop24_400K_Ga_7.0keV/log.04_nemd_400K_Ga_7.0keV_seed5,/Volumes/Material/02_Du_lieu_Ket_qua/Phan_Tach_Theo_Backend/03_KOKKOS_Ensemble_Seeds/Seed5_89513/ToHop24_400K_Ga_7.0keV/profile_T_400K_Ga_7.0keV.dat,5,400,Ga,7.0,4.98956775,1.5452292499999998,6.534796999999999,3.5107890235652803,1.7096837486606102,4529.537490896398,2142.1243291581122,5.146024370741057,1.5335979919008451,2126.0001191401384,-2503.9218075266695,3.6981361899956173,3.1224000000000274,0.0,0
/Volumes/Material/02_Du_lieu_Ket_qua/Phan_Tach_Theo_Backend/03_KOKKOS_Ensemble_Seeds/Seed5_89513/ToHop25_400K_Ga_10.0keV/log.04_nemd_400K_Ga_10.0keV_seed5,/Volumes/Material/02_Du_lieu_Ket_qua/Phan_Tach_Theo_Backend/03_KOKKOS_Ensemble_Seeds/Seed5_89513/ToHop25_400K_Ga_10.0keV/profile_T_400K_Ga_10.0keV.dat,5,400,Ga,10.0,3.89840475,3.4247175,7.32312225,-7.882159645719469,1.3166638447473296,2260.8801812376732,-2114.6378983603145,3.922733059645662,3.483699639126066,-2151.0572137410254,135.54354624542015,33.73972163670917,2.0702499999999304,0.0,0
/Volumes/Material/02_Du_lieu_Ket_qua/Phan_Tach_Theo_Backend/03_KOKKOS_Ensemble_Seeds/Seed5_89513/ToHop26_400K_N_1.0keV/log.04_nemd_400K_N_1.0keV_seed5,/Volumes/Material/02_Du_lieu_Ket_qua/Phan_Tach_Theo_Backend/03_KOKKOS_Ensemble_Seeds/Seed5_89513/ToHop26_400K_N_1.0keV/profile_T_400K_N_1.0keV.dat,5,400,N,1.0,2.489718775,0.6761915999999999,3.165910375,11.715771382942819,1.9005398089938954,657.5885114823345,280.9023472250746,2.529071644783564,0.58716637993077,243.9196439799064,-403.35146649698106,3.209464520351419,4.2616500000000315,0.0,1
/Volumes/Material/02_Du_lieu_Ket_qua/Phan_Tach_Theo_Backend/03_KOKKOS_Ensemble_Seeds/Seed5_89513/ToHop27_400K_N_3.0keV/log.04_nemd_400K_N_3.0keV_seed5,/Volumes/Material/02_Du_lieu_Ket_qua/Phan_Tach_Theo_Backend/03_KOKKOS_Ensemble_Seeds/Seed5_89513/ToHop27_400K_N_3.0keV/profile_T_400K_N_3.0keV.dat,5,400,N,3.0,4.83739275,0.459572525,5.296965275,21.974114372667827,1.5302716913884504,586.6002378753844,101.78860479163367,4.696256238344439,0.5229177022518332,115.81863674957728,-462.16677869507686,2.501198450812886,5.158350000000041,0.8323500000001332,1
/Volumes/Material/02_Du_lieu_Ket_qua/Phan_Tach_Theo_Backend/03_KOKKOS_Ensemble_Seeds/Seed5_89513/ToHop28_400K_N_5.0keV/log.04_nemd_400K_N_5.0keV_seed5,/Volumes/Material/02_Du_lieu_Ket_qua/Phan_Tach_Theo_Backend/03_KOKKOS_Ensemble_Seeds/Seed5_89513/ToHop28_400K_N_5.0keV/profile_T_400K_N_5.0keV.dat,5,400,N,5.0,6.3694255,0.6430273,7.0124528,24.94479607587317,2.1455016738606023,684.0951047218655,125.4601893741141,6.407046378829047,0.6448204398332528,125.81004646891267,-562.1300662684499,2.4476189907580252,11.281599999999969,1.626450000000034,0
/Volumes/Material/02_Du_lieu_Ket_qua/Phan_Tach_Theo_Backend/03_KOKKOS_Ensemble_Seeds/Seed5_89513/ToHop29_400K_N_7.0keV/log.04_nemd_400K_N_7.0keV_seed5,/Volumes/Material/02_Du_lieu_Ket_qua/Phan_Tach_Theo_Backend/03_KOKKOS_Ensemble_Seeds/Seed5_89513/ToHop29_400K_N_7.0keV/profile_T_400K_N_7.0keV.dat,5,400,N,7.0,5.25336425,1.712928225,6.9662924749999995,11.822065007034439,1.8218818988588907,1433.95278067996,705.183768886746,5.095123724494734,1.6348480410578032,673.0394690940743,-712.2686789264666,3.8898471574195326,6.52639999999991,1.2502000000000635,0
/Volumes/Material/02_Du_lieu_Ket_qua/Phan_Tach_Theo_Backend/03_KOKKOS_Ensemble_Seeds/Seed5_89513/ToHop2_300K_Ga_3.0keV/log.04_nemd_300K_Ga_3.0keV_seed5,/Volumes/Material/02_Du_lieu_Ket_qua/Phan_Tach_Theo_Backend/03_KOKKOS_Ensemble_Seeds/Seed5_89513/ToHop2_300K_Ga_3.0keV/profile_T_300K_Ga_3.0keV.dat,5,300,Ga,3.0,3.41557425,0.426825775,3.8424000250000003,13.5559843744565,1.7555825439852402,689.7600014398663,153.24138312672017,3.3987401271001603,0.38615736880820345,138.6403838913994,-540.7971773311594,2.512725989346288,1.2510499999999638,0.0,1
/Volumes/Material/02_Du_lieu_Ket_qua/Phan_Tach_Theo_Backend/03_KOKKOS_Ensemble_Seeds/Seed5_89513/ToHop30_400K_N_10.0keV/log.04_nemd_400K_N_10.0keV_seed5,/Volumes/Material/02_Du_lieu_Ket_qua/Phan_Tach_Theo_Backend/03_KOKKOS_Ensemble_Seeds/Seed5_89513/ToHop30_400K_N_10.0keV/profile_T_400K_N_10.0keV.dat,5,400,N,10.0,7.42539,0.643818,8.069208,18.424726181228436,1.209983958858477,1065.752494011269,170.06641523910335,7.313481929951242,0.6296348853128374,166.31990384648796,-882.7789118105803,2.3768098707871617,4.874400000000037,1.6173000000000002,0
/Volumes/Material/02_Du_lieu_Ket_qua/Phan_Tach_Theo_Backend/03_KOKKOS_Ensemble_Seeds/Seed5_89513/ToHop3_300K_Ga_5.0keV/log.04_nemd_300K_Ga_5.0keV_seed5,/Volumes/Material/02_Du_lieu_Ket_qua/Phan_Tach_Theo_Backend/03_KOKKOS_Ensemble_Seeds/Seed5_89513/ToHop3_300K_Ga_5.0keV/profile_T_300K_Ga_5.0keV.dat,5,300,Ga,5.0,4.21297725,0.98384285,5.1968201,9.665713107194335,1.380321806258268,1308.369079678583,495.3912351912487,4.156001977641717,1.002352056254885,504.71111645990555,-793.9736157642486,3.271354882426641,4.387900000000002,0.5038499999999999,1
/Volumes/Material/02_Du_lieu_Ket_qua/Phan_Tach_Theo_Backend/03_KOKKOS_Ensemble_Seeds/Seed5_89513/ToHop4_300K_Ga_7.0keV/log.04_nemd_300K_Ga_7.0keV_seed5,/Volumes/Material/02_Du_lieu_Ket_qua/Phan_Tach_Theo_Backend/03_KOKKOS_Ensemble_Seeds/Seed5_89513/ToHop4_300K_Ga_7.0keV/profile_T_300K_Ga_7.0keV.dat,5,300,Ga,7.0,3.8768135,0.5564771749999999,4.433290675,20.39607734701366,1.020631061862933,528.9395563767122,132.78749879321455,3.7595492590799116,0.5251937389250754,125.32259382196101,-385.8936170467255,2.649518874041321,3.431750000000079,0.75,1
/Volumes/Material/02_Du_lieu_Ket_qua/Phan_Tach_Theo_Backend/03_KOKKOS_Ensemble_Seeds/Seed5_89513/ToHop5_300K_Ga_10.0keV/log.04_nemd_300K_Ga_10.0keV_seed5,/Volumes/Material/02_Du_lieu_Ket_qua/Phan_Tach_Theo_Backend/03_KOKKOS_Ensemble_Seeds/Seed5_89513/ToHop5_300K_Ga_10.0keV/profile_T_300K_Ga_10.0keV.dat,5,300,Ga,10.0,5.451742749999999,0.8688316500000001,6.320574399999999,12.867019699794128,1.2738401702647202,1195.3774845780556,328.63525577637427,5.474855703502439,0.8308746830758924,314.27804683537926,-878.292066402338,2.7156572599425286,1.9501000000000204,0.0,1
/Volumes/Material/02_Du_lieu_Ket_qua/Phan_Tach_Theo_Backend/03_KOKKOS_Ensemble_Seeds/Seed5_89513/ToHop6_300K_N_1.0keV/log.04_nemd_300K_N_1.0keV_seed5,/Volumes/Material/02_Du_lieu_Ket_qua/Phan_Tach_Theo_Backend/03_KOKKOS_Ensemble_Seeds/Seed5_89513/ToHop6_300K_N_1.0keV/profile_T_300K_N_1.0keV.dat,5,300,N,1.0,0.700798575,0.29141985,0.9922184249999999,16.484080825568412,1.3319527393787447,146.47686678848618,86.04207596320464,0.753080593944244,0.24520683108274094,72.39762420685442,-74.97518251390223,3.931242359921701,0.9237499999999841,0.0,1
/Volumes/Material/02_Du_lieu_Ket_qua/Phan_Tach_Theo_Backend/03_KOKKOS_Ensemble_Seeds/Seed5_89513/ToHop7_300K_N_3.0keV/log.04_nemd_300K_N_3.0keV_seed5,/Volumes/Material/02_Du_lieu_Ket_qua/Phan_Tach_Theo_Backend/03_KOKKOS_Ensemble_Seeds/Seed5_89513/ToHop7_300K_N_3.0keV/profile_T_300K_N_3.0keV.dat,5,300,N,3.0,2.305639925,0.4702447,2.7758846249999998,17.515717408139324,1.1554944041428974,385.65589225161403,130.66295171046067,2.35148854916068,0.4102359392485206,113.98882054369761,-269.69979249820165,2.8453015071893883,0.47450000000003456,0.0,1
/Volumes/Material/02_Du_lieu_Ket_qua/Phan_Tach_Theo_Backend/03_KOKKOS_Ensemble_Seeds/Seed5_89513/ToHop8_300K_N_5.0keV/log.04_nemd_300K_N_5.0keV_seed5,/Volumes/Material/02_Du_lieu_Ket_qua/Phan_Tach_Theo_Backend/03_KOKKOS_Ensemble_Seeds/Seed5_89513/ToHop8_300K_N_5.0keV/profile_T_300K_N_5.0keV.dat,5,300,N,5.0,3.665043,0.389702325,4.054745325,16.465395620218544,1.451568631795761,599.2636030695694,115.19067200803214,3.6039992351174304,0.3947719629255221,116.6891875723883,-474.30182269285893,2.4920461275475723,1.5203000000000202,0.0,1
/Volumes/Material/02_Du_lieu_Ket_qua/Phan_Tach_Theo_Backend/03_KOKKOS_Ensemble_Seeds/Seed5_89513/ToHop9_300K_N_7.0keV/log.04_nemd_300K_N_7.0keV_seed5,/Volumes/Material/02_Du_lieu_Ket_qua/Phan_Tach_Theo_Backend/03_KOKKOS_Ensemble_Seeds/Seed5_89513/ToHop9_300K_N_7.0keV/profile_T_300K_N_7.0keV.dat,5,300,N,7.0,5.708475,0.4683345,6.1768095,19.91315324711519,1.0978020759778235,754.8326218324269,114.46497047693592,5.790307823724271,0.449534812059776,109.87016542829367,-652.6653760337886,2.33668145871616,2.8894999999999413,1.160099999999943,0
/Volumes/Material/02_Du_lieu_Ket_qua/Phan_Tach_Theo_Backend/03_KOKKOS_Ensemble_Seeds/Seed6_27419/ToHop10_300K_N_10.0keV/log.04_nemd_300K_N_10.0keV_seed6,/Volumes/Material/02_Du_lieu_Ket_qua/Phan_Tach_Theo_Backend/03_KOKKOS_Ensemble_Seeds/Seed6_27419/ToHop10_300K_N_10.0keV/profile_T_300K_N_10.0keV.dat,6,300,N,10.0,6.10628725,0.534548125,6.640835375,21.74591143545871,1.207446027507592,743.1416268810701,119.63704589160234,6.2387745238768755,0.46526693752931103,104.13124535239827,-646.0834485794687,2.322346116686164,6.207300000000089,0.0,1
/Volumes/Material/02_Du_lieu_Ket_qua/Phan_Tach_Theo_Backend/03_KOKKOS_Ensemble_Seeds/Seed6_27419/ToHop24_400K_Ga_7.0keV/log.04_nemd_400K_Ga_7.0keV_seed6,/Volumes/Material/02_Du_lieu_Ket_qua/Phan_Tach_Theo_Backend/03_KOKKOS_Ensemble_Seeds/Seed6_27419/ToHop24_400K_Ga_7.0keV/profile_T_400K_Ga_7.0keV.dat,6,400,Ga,7.0,6.498061,0.534621125,7.032682125,19.455387235432397,1.9454524243844562,879.6453233273999,133.74043188630063,6.3477781846875345,0.5388551569583505,134.79961424227318,-726.5779803620537,2.371053397943886,3.0556499999999573,0.700849999999889,1
/Volumes/Material/02_Du_lieu_Ket_qua/Phan_Tach_Theo_Backend/03_KOKKOS_Ensemble_Seeds/Seed6_27419/ToHop25_400K_Ga_10.0keV/log.04_nemd_400K_Ga_10.0keV_seed6,/Volumes/Material/02_Du_lieu_Ket_qua/Phan_Tach_Theo_Backend/03_KOKKOS_Ensemble_Seeds/Seed6_27419/ToHop25_400K_Ga_10.0keV/profile_T_400K_Ga_10.0keV.dat,6,400,Ga,10.0,12.37199875,0.834592375,13.206591125,30.884150179740402,1.2402990562013279,1040.594596090856,131.52104235583099,12.425616933673282,0.7545211392302826,118.90284369189912,-919.6074217188353,2.2585947892192046,14.303599999999904,1.8734999999999786,0
/Volumes/Material/02_Du_lieu_Ket_qua/Phan_Tach_Theo_Backend/03_KOKKOS_Ensemble_Seeds/Seed7_58302/ToHop10_300K_N_10.0keV/log.04_nemd_300K_N_10.0keV_seed7,/Volumes/Material/02_Du_lieu_Ket_qua/Phan_Tach_Theo_Backend/03_KOKKOS_Ensemble_Seeds/Seed7_58302/ToHop10_300K_N_10.0keV/profile_T_300K_N_10.0keV.dat,7,300,N,10.0,4.6670655,1.6875803500000002,6.35464585,20.9170731444014,1.1922358614064765,739.2935656694837,392.6630448824322,4.726601785249563,1.7487116645215321,406.8869650043335,-346.44495657062544,4.348927050530675,9.416449999999998,0.6340000000000714,1
/Volumes/Material/02_Du_lieu_Ket_qua/Phan_Tach_Theo_Backend/03_KOKKOS_Ensemble_Seeds/Seed7_58302/ToHop24_400K_Ga_7.0keV/log.04_nemd_400K_Ga_7.0keV_seed7,/Volumes/Material/02_Du_lieu_Ket_qua/Phan_Tach_Theo_Backend/03_KOKKOS_Ensemble_Seeds/Seed7_58302/ToHop24_400K_Ga_7.0keV/profile_T_400K_Ga_7.0keV.dat,7,400,Ga,7.0,5.97409075,0.5348576,6.508948350000001,23.013493987569177,1.5845215294086805,688.2635260735309,113.11288949565136,6.037033177838984,0.35234465757993066,74.51464149938566,-601.1053637540722,2.2479253920943933,5.622700000000009,1.2226,0
/Volumes/Material/02_Du_lieu_Ket_qua/Phan_Tach_Theo_Backend/03_KOKKOS_Ensemble_Seeds/Seed7_58302/ToHop25_400K_Ga_10.0keV/log.04_nemd_400K_Ga_10.0keV_seed7,/Volumes/Material/02_Du_lieu_Ket_qua/Phan_Tach_Theo_Backend/03_KOKKOS_Ensemble_Seeds/Seed7_58302/ToHop25_400K_Ga_10.0keV/profile_T_400K_Ga_10.0keV.dat,7,400,Ga,10.0,5.1336745,1.7955740249999999,6.929248524999999,8.456420983588828,1.8954584188887869,1994.0040331030577,1033.4112955156534,5.162000058733763,1.8701640847768644,1076.3403027486465,-947.2793744807684,4.272487571765447,5.274700000000053,0.9334000000001197,1
/Volumes/Material/02_Du_lieu_Ket_qua/Phan_Tach_Theo_Backend/03_KOKKOS_Ensemble_Seeds/Seed8_71956/ToHop10_300K_N_10.0keV/log.04_nemd_300K_N_10.0keV_seed8,/Volumes/Material/02_Du_lieu_Ket_qua/Phan_Tach_Theo_Backend/03_KOKKOS_Ensemble_Seeds/Seed8_71956/ToHop10_300K_N_10.0keV/profile_T_300K_N_10.0keV.dat,8,300,N,10.0,2.322429725,4.17384775,6.496277475,-10.341423629412361,1.3276024025635282,1528.6593854458638,-1964.322355691742,2.312797848140842,4.157076009911789,-1956.4291343831485,-433.98286668227666,7.016158399706919,2.653449999999907,7.516150000000039,0
/Volumes/Material/02_Du_lieu_Ket_qua/Phan_Tach_Theo_Backend/03_KOKKOS_Ensemble_Seeds/Seed8_71956/ToHop24_400K_Ga_7.0keV/log.04_nemd_400K_Ga_7.0keV_seed8,/Volumes/Material/02_Du_lieu_Ket_qua/Phan_Tach_Theo_Backend/03_KOKKOS_Ensemble_Seeds/Seed8_71956/ToHop24_400K_Ga_7.0keV/profile_T_400K_Ga_7.0keV.dat,8,400,Ga,7.0,7.3714125,0.6624159000000001,8.0338284,22.31583932359308,2.003757058013172,876.0639607903308,144.46878079807922,7.295374654185433,0.6185936661443407,134.9114246159957,-728.0821678631892,2.370593953734481,5.2017999999999915,3.2365499999999088,0
/Volumes/Material/02_Du_lieu_Ket_qua/Phan_Tach_Theo_Backend/03_KOKKOS_Ensemble_Seeds/Seed8_71956/ToHop25_400K_Ga_10.0keV/log.04_nemd_400K_Ga_10.0keV_seed8,/Volumes/Material/02_Du_lieu_Ket_qua/Phan_Tach_Theo_Backend/03_KOKKOS_Ensemble_Seeds/Seed8_71956/ToHop25_400K_Ga_10.0keV/profile_T_400K_Ga_10.0keV.dat,8,400,Ga,10.0,8.0132245,2.234463,10.2476875,8.536426312306958,1.9169349308116306,2921.300728508336,1273.953443589087,7.857674244054045,2.3144336476681433,1319.5477908586017,-1580.2075143801094,3.670094312108419,7.089650000000063,3.654399999999953,0
/Volumes/Material/02_Du_lieu_Ket_qua/Phan_Tach_Theo_Backend/03_KOKKOS_Ensemble_Seeds/Seed9_83027/ToHop10_300K_N_10.0keV/log.04_nemd_300K_N_10.0keV_seed9,/Volumes/Material/02_Du_lieu_Ket_qua/Phan_Tach_Theo_Backend/03_KOKKOS_Ensemble_Seeds/Seed9_83027/ToHop10_300K_N_10.0keV/profile_T_300K_N_10.0keV.dat,9,300,N,10.0,4.86058,1.555776975,6.416356974999999,3.4749107497362957,1.5287567692639104,4493.361428428136,2179.0147518098784,4.834647093981465,1.6660011510068118,2333.3942736722147,-2218.996155603952,4.10310799122329,3.2119500000000016,0.0,0
/Volumes/Material/02_Du_lieu_Ket_qua/Phan_Tach_Theo_Backend/03_KOKKOS_Ensemble_Seeds/Seed9_83027/ToHop24_400K_Ga_7.0keV/log.04_nemd_400K_Ga_7.0keV_seed9,/Volumes/Material/02_Du_lieu_Ket_qua/Phan_Tach_Theo_Backend/03_KOKKOS_Ensemble_Seeds/Seed9_83027/ToHop24_400K_Ga_7.0keV/profile_T_400K_Ga_7.0keV.dat,9,400,Ga,7.0,6.19804625,1.5185945250000001,7.716640775,12.862721200820829,1.80206143962889,1459.8959930111962,574.599784206293,6.200770836081439,1.377751605754271,521.3081980236151,-912.4574609436288,3.142646578799406,9.23685000000006,0.0,1
/Volumes/Material/02_Du_lieu_Ket_qua/Phan_Tach_Theo_Backend/03_KOKKOS_Ensemble_Seeds/Seed9_83027/ToHop25_400K_Ga_10.0keV/log.04_nemd_400K_Ga_10.0keV_seed9,/Volumes/Material/02_Du_lieu_Ket_qua/Phan_Tach_Theo_Backend/03_KOKKOS_Ensemble_Seeds/Seed9_83027/ToHop25_400K_Ga_10.0keV/profile_T_400K_Ga_10.0keV.dat,9,400,Ga,10.0,6.886603249999999,2.6023885,9.48899175,4.78430912719989,1.6264928036011503,4826.444602300406,2647.3379384935497,6.330396797111699,2.453428589842558,2495.8051364256075,-1971.9663342803965,4.5312857456426805,4.913649999999961,0.0,0
